Date/Time (EDT),(hr),Supply1,Supply2,Return1,Return2,(W),(W).1,(gpm),(Btu/hr-ft)
2019-09-10 16:42:30,,,,81.83733,81.79266,,,10.85651,
2019-09-10 16:42:40,,,,74.19652,74.85707,,,11.8983,
2019-09-10 16:42:50,,,,62.08366,62.19024,,,10.83685,
2019-09-10 16:43:00,,,,58.48307,58.49836,,,11.72139,
2019-09-10 16:43:10,,,,57.1674,57.1674,,,11.78036,
2019-09-10 16:43:20,,,,56.67736,56.67736,,,15.79028,
2019-09-10 16:43:30,,,,56.46288,56.46288,,,18.07044,
2019-09-10 16:43:40,,,,56.4339,56.4339,,,20.25231,
2019-09-10 16:43:50,,,,56.34196,56.31131,,,20.25231,
2019-09-10 16:44:00,,,,56.28066,56.25002,,,20.19334,
2019-09-10 16:44:10,,,,56.28066,56.25002,,,20.15402,
2019-09-10 16:44:20,,,,56.25021,56.21955,,,20.13437,
2019-09-10 16:44:30,,,,56.26719,56.25187,,,20.15402,
2019-09-10 16:44:40,,,,56.23654,56.22121,,,20.11471,
2019-09-10 16:44:50,,,,56.20589,56.17524,,,20.01643,
2019-09-10 16:45:00,,,,56.17524,56.14458,,,20.17368,
2019-09-10 16:45:10,,,,56.14458,56.12926,,,20.05574,
2019-09-10 16:45:20,,,,56.12926,56.0986,,,20.15402,
2019-09-10 16:45:30,,,,56.11393,56.06795,,,19.99677,
2019-09-10 16:45:40,,,,56.11393,56.08327,,,20.01643,
2019-09-10 16:45:50,,,,56.11393,56.06795,,,20.19334,
2019-09-10 16:46:00,,,,56.15737,56.12672,,,20.15402,
2019-09-10 16:46:10,,,,56.15751,56.12686,,,20.05574,
2019-09-10 16:46:20,,,,56.15751,56.12686,,,20.0754,
2019-09-10 16:46:30,,,,56.15751,56.12686,,,20.09505,
2019-09-10 16:46:40,,,,56.15751,56.12686,,,20.03608,
2019-09-10 16:46:50,,,,56.2205,56.18984,,,20.23265,
2019-09-10 16:47:00,,,,56.2205,56.18984,,,20.19334,
2019-09-10 16:47:10,,,,56.2205,56.18984,,,20.19334,
2019-09-10 16:47:20,,,,56.23582,56.20517,,,20.09505,
2019-09-10 16:47:30,,,,56.23582,56.20517,,,20.05574,
2019-09-10 16:47:40,,,,56.25114,56.2205,,,20.05574,
2019-09-10 16:47:50,,,,56.32524,56.29459,,,20.09505,
2019-09-10 16:48:00,,,,56.34057,56.30992,,,17.57902,
2019-09-10 16:48:10,,,,56.37132,56.34067,,,17.69696,
2019-09-10 16:48:20,,,,56.356,56.34067,,,20.23265,
2019-09-10 16:48:30,,,,56.43429,56.38832,,,20.11471,
2019-09-10 16:48:40,,,,56.44961,56.40364,,,19.91814,
2019-09-10 16:48:50,,,,56.46493,56.43429,,,19.97712,
2019-09-10 16:49:00,,,,56.46493,56.44961,,,19.99677,
2019-09-10 16:49:10,,,,56.49557,56.46493,,,20.05574,
2019-09-10 16:49:20,,,,56.51089,56.46493,,,20.21299,
2019-09-10 16:49:30,,,,56.58918,56.55854,,,20.05574,
2019-09-10 16:49:40,,,,56.58918,56.55854,,,20.15402,
2019-09-10 16:49:50,,,,56.61981,56.58918,,,20.0754,
2019-09-10 16:50:00,,,,56.63513,56.58918,,,20.0754,
2019-09-10 16:50:10,,,,56.65052,56.61988,,,19.99677,
2019-09-10 16:50:20,,,,56.72459,56.67864,,,20.23265,
2019-09-10 16:50:30,,,,56.73991,56.70927,,,20.11471,
2019-09-10 16:50:40,,,,56.73991,56.70927,,,20.09505,
2019-09-10 16:50:50,,,,56.77054,56.72459,,,19.89849,
2019-09-10 16:51:00,,,,56.77054,56.73991,,,19.91814,
2019-09-10 16:51:10,,,,56.80117,56.73991,,,20.05574,
2019-09-10 16:51:20,,,,56.86412,56.8335,,,20.0754,
2019-09-10 16:51:30,,,,56.86412,56.8335,,,20.17368,
2019-09-10 16:51:40,,,,56.89475,56.86412,,,20.17368,
2019-09-10 16:51:50,,,,56.9577,56.92707,,,19.95746,
2019-09-10 16:52:00,,,,56.98837,56.95775,,,19.99677,
2019-09-10 16:52:10,,,,57.00368,56.95775,,,19.83952,
2019-09-10 16:52:20,,,,57.01899,56.98837,,,20.21299,
2019-09-10 16:52:30,,,,57.03431,56.98837,,,20.03608,
2019-09-10 16:52:40,,,,57.04962,56.98837,,,20.03608,
2019-09-10 16:52:50,,,,57.04962,57.01899,,,20.09505,
2019-09-10 16:53:00,,,,57.06493,57.03431,,,19.9378,
2019-09-10 16:53:10,,,,57.13899,57.09306,,,20.05574,
2019-09-10 16:53:20,,,,57.1543,57.10837,,,19.95746,
2019-09-10 16:53:30,,,,57.16961,57.10837,,,20.0754,
2019-09-10 16:53:40,,,,57.23254,57.20193,,,19.99677,
2019-09-10 16:53:50,,,,57.24786,57.20193,,,20.03608,
2019-09-10 16:54:00,,,,57.26318,57.23257,,,20.15402,
2019-09-10 16:54:10,,,,57.27849,57.23257,,,20.13437,
2019-09-10 16:54:20,,,,57.29379,57.23257,,,20.11471,
2019-09-10 16:54:30,,,,57.29379,57.23257,,,20.01643,
2019-09-10 16:54:40,,,,57.35674,57.32613,,,20.01643,
2019-09-10 16:54:50,,,,57.38735,57.32613,,,20.0754,
2019-09-10 16:55:00,,,,57.37204,57.34143,,,19.97712,
2019-09-10 16:55:10,,,,57.38735,57.35674,,,20.0754,
2019-09-10 16:55:20,,,,57.45027,57.41966,,,20.05574,
2019-09-10 16:55:30,,,,57.46558,57.41966,,,20.09505,
2019-09-10 16:55:40,,,,57.48088,57.41966,,,20.15402,
2019-09-10 16:55:50,,,,57.48088,57.43497,,,20.01643,
2019-09-10 16:56:00,,,,57.48088,57.45028,,,19.9378,
2019-09-10 16:56:10,,,,57.55492,57.50902,,,19.99677,
2019-09-10 16:56:20,,,,57.49619,57.45028,,,20.11471,
2019-09-10 16:56:30,,,,57.57023,57.50902,,,19.91814,
2019-09-10 16:56:40,,,,57.57023,57.52432,,,19.97712,
2019-09-10 16:56:50,,,,57.57023,57.53962,,,20.15402,
2019-09-10 16:57:00,,,,57.69608,57.66549,,,19.95746,
2019-09-10 16:57:10,,,,57.71139,57.66549,,,20.21299,
2019-09-10 16:57:20,,,,57.72668,57.66549,,,20.11471,
2019-09-10 16:57:30,,,,57.72668,57.68079,,,20.01643,
2019-09-10 16:57:40,,,,57.72668,57.68079,,,19.97712,
2019-09-10 16:57:50,,,,57.72668,57.68078,,,20.21299,
2019-09-10 16:58:00,,,,57.72668,57.68078,,,20.15402,
2019-09-10 16:58:10,,,,57.78962,57.72842,,,19.95746,
2019-09-10 16:58:20,,,,57.78962,57.72842,,,20.05574,
2019-09-10 16:58:30,,,,57.78962,57.74372,,,20.0754,
2019-09-10 16:58:40,,,,57.78962,57.72842,,,20.01643,
2019-09-10 16:58:50,,,,57.84835,57.78716,,,20.09505,
2019-09-10 16:59:00,,,,57.83305,57.78716,,,19.9378,
2019-09-10 16:59:10,,,,57.84835,57.78716,,,20.0754,
2019-09-10 16:59:20,,,,57.84835,57.78716,,,19.89849,
2019-09-10 16:59:30,,,,57.81775,57.78716,,,19.95746,
2019-09-10 16:59:40,,,,57.81775,57.77186,,,19.9378,
2019-09-10 16:59:50,,,,57.81774,57.75655,,,19.99677,
2019-09-10 17:00:00,,,,57.88065,57.81946,,,20.05574,
2019-09-10 17:00:10,,,,57.86536,57.81946,,,19.9378,
2019-09-10 17:00:20,,,,57.85006,57.80416,,,20.09505,
2019-09-10 17:00:30,,,,57.85006,57.78886,,,20.09505,
2019-09-10 17:00:40,,,,57.91299,57.85181,,,19.85918,
2019-09-10 17:00:50,,,,57.8824,57.85181,,,19.95746,
2019-09-10 17:01:00,,,,57.8824,57.83651,,,19.85918,
2019-09-10 17:01:10,,,,57.8824,57.82121,,,20.09505,
2019-09-10 17:01:20,,,,57.8671,57.82121,,,19.99677,
2019-09-10 17:01:30,,,,57.91473,57.88414,,,20.09505,
2019-09-10 17:01:40,,,,57.91472,57.85353,,,20.03608,
2019-09-10 17:01:50,,,,57.88412,57.85353,,,20.0754,
2019-09-10 17:02:00,,,,57.88412,57.85353,,,20.0754,
2019-09-10 17:02:10,,,,57.86883,57.82294,,,19.91814,
2019-09-10 17:02:20,,,,57.91647,57.88588,,,20.0754,
2019-09-10 17:02:30,,,,57.91647,57.87058,,,19.95746,
2019-09-10 17:02:40,,,,57.90118,57.85529,,,20.0754,
2019-09-10 17:02:50,,,,57.88588,57.85529,,,20.01643,
2019-09-10 17:03:00,,,,57.88588,57.82469,,,20.03608,
2019-09-10 17:03:10,,,,57.87058,57.82469,,,19.87883,
2019-09-10 17:03:20,,,,57.85529,57.79409,,,19.89849,
2019-09-10 17:03:30,,,,57.90293,57.85704,,,20.0754,
2019-09-10 17:03:40,,,,57.88762,57.84172,,,20.13437,
2019-09-10 17:03:50,,,,57.85702,57.82642,,,19.99677,
2019-09-10 17:04:00,,,,57.91997,57.87408,,,20.01643,
2019-09-10 17:04:10,,,,57.91997,57.85878,,,20.0754,
2019-09-10 17:04:20,,,,57.88937,57.84348,,,20.01643,
2019-09-10 17:04:30,,,,57.87408,57.82819,,,19.85918,
2019-09-10 17:04:40,,,,57.87408,57.82819,,,19.97712,
2019-09-10 17:04:50,,,,57.85878,57.79759,,,19.97712,
2019-09-10 17:05:00,,,,57.84348,57.7823,,,20.09505,
2019-09-10 17:05:10,,,,57.88694,57.82575,,,20.05574,
2019-09-10 17:05:20,,,,57.88694,57.82575,,,20.11471,
2019-09-10 17:05:30,,,,57.85632,57.79513,,,19.95746,
2019-09-10 17:05:40,,,,57.85632,57.79513,,,19.97712,
2019-09-10 17:05:50,,,,57.88868,57.82749,,,19.97712,
2019-09-10 17:06:00,,,,57.88868,57.82749,,,19.97712,
2019-09-10 17:06:10,,,,57.87338,57.82749,,,20.11471,
2019-09-10 17:06:20,,,,57.85809,57.79689,,,20.13437,
2019-09-10 17:06:30,,,,57.82749,57.78159,,,19.95746,
2019-09-10 17:06:40,,,,57.82749,57.76629,,,20.05574,
2019-09-10 17:06:50,,,,57.81219,57.75099,,,20.13437,
2019-09-10 17:07:00,,,,57.87516,57.81396,,,20.05574,
2019-09-10 17:07:10,,,,57.84456,57.79867,,,20.13437,
2019-09-10 17:07:20,,,,57.82926,57.76807,,,20.03608,
2019-09-10 17:07:30,,,,57.82924,57.76804,,,19.9378,
2019-09-10 17:07:40,,,,57.81394,57.75275,,,20.03608,
2019-09-10 17:07:50,,,,57.86162,57.80042,,,20.13437,
2019-09-10 17:08:00,,,,57.86162,57.80042,,,19.89849,
2019-09-10 17:08:10,,,,57.86162,57.80042,,,20.17368,
2019-09-10 17:08:20,,,,57.84632,57.80042,,,20.05574,
2019-09-10 17:08:30,,,,57.83102,57.76982,,,20.01643,
2019-09-10 17:08:40,,,,57.89399,57.8328,,,19.85918,
2019-09-10 17:08:50,,,,57.89399,57.8328,,,19.91814,
2019-09-10 17:09:00,,,,57.87869,57.8328,,,19.89849,
2019-09-10 17:09:10,,,,57.87869,57.8175,,,20.03608,
2019-09-10 17:09:20,,,,57.92637,57.86518,,,19.87883,
2019-09-10 17:09:30,,,,57.92635,57.86516,,,20.01643,
2019-09-10 17:09:40,,,,57.92635,57.86516,,,20.05574,
2019-09-10 17:09:50,,,,57.91105,57.84986,,,20.0754,
2019-09-10 17:10:00,,,,57.91105,57.83456,,,19.9378,
2019-09-10 17:10:10,,,,57.89575,57.83456,,,19.99677,
2019-09-10 17:10:20,,,,57.86516,57.80397,,,19.91814,
2019-09-10 17:10:30,,,,57.86516,57.80397,,,19.89849,
2019-09-10 17:10:40,,,,57.92814,57.85165,,,20.05574,
2019-09-10 17:10:50,,,,57.89754,57.83636,,,20.11471,
2019-09-10 17:11:00,,,,57.89754,57.83636,,,20.05574,
2019-09-10 17:11:10,,,,57.89754,57.83636,,,19.99677,
2019-09-10 17:11:20,,,,57.92992,57.86873,,,19.95746,
2019-09-10 17:11:30,,,,57.92992,57.86873,,,20.03608,
2019-09-10 17:11:40,,,,57.91462,57.85342,,,20.05574,
2019-09-10 17:11:50,,,,57.89932,57.83813,,,19.87883,
2019-09-10 17:12:00,,,,57.88403,57.82283,,,20.01643,
2019-09-10 17:12:10,,,,57.86873,57.80753,,,19.99677,
2019-09-10 17:12:20,,,,57.86873,57.80753,,,20.03608,
2019-09-10 17:12:30,,,,57.85342,57.79224,,,20.01643,
2019-09-10 17:12:40,,,,57.90111,57.83992,,,19.99677,
2019-09-10 17:12:50,,,,57.88581,57.82462,,,20.11471,
2019-09-10 17:13:00,,,,57.87052,57.80933,,,19.9378,
2019-09-10 17:13:10,,,,57.85522,57.79403,,,19.89849,
2019-09-10 17:13:20,,,,57.91819,57.8417,,,19.99677,
2019-09-10 17:13:30,,,,57.90289,57.8417,,,19.95746,
2019-09-10 17:13:40,,,,57.8876,57.8264,,,19.95746,
2019-09-10 17:13:50,,,,57.8876,57.81111,,,20.0754,
2019-09-10 17:14:00,,,,57.8723,57.81111,,,19.99677,
2019-09-10 17:14:10,,,,57.857,57.79581,,,20.0754,
2019-09-10 17:14:20,,,,57.8417,57.78051,,,19.9378,
2019-09-10 17:14:30,,,,57.8264,57.76521,,,20.03608,
2019-09-10 17:14:40,,,,57.8894,57.81291,,,20.0754,
2019-09-10 17:14:50,,,,57.8894,57.81291,,,20.11471,
2019-09-10 17:15:00,,,,57.87411,57.79762,,,20.13437,
2019-09-10 17:15:10,,,,57.85879,57.79759,,,20.13437,
2019-09-10 17:15:20,,,,57.85879,57.7823,,,20.01643,
2019-09-10 17:15:30,,,,57.9065,57.83001,,,20.11471,
2019-09-10 17:15:40,,,,57.8912,57.81471,,,19.99677,
2019-09-10 17:15:50,,,,57.8912,57.81471,,,20.0754,
2019-09-10 17:16:00,,,,57.8759,57.79941,,,19.9378,
2019-09-10 17:16:10,,,,57.8759,57.79941,,,20.13437,
2019-09-10 17:16:20,,,,57.8606,57.78411,,,20.21299,
2019-09-10 17:16:30,,,,57.90831,57.83183,,,20.01643,
2019-09-10 17:16:40,,,,57.89301,57.81653,,,20.09505,
2019-09-10 17:16:50,,,,57.87772,57.81653,,,20.05574,
2019-09-10 17:17:00,,,,57.87772,57.80123,,,20.01643,
2019-09-10 17:17:10,,,,57.8777,57.80121,,,20.09505,
2019-09-10 17:17:20,,,,57.92541,57.84892,,,20.21299,
2019-09-10 17:17:30,,,,57.91011,57.83363,,,19.97712,
2019-09-10 17:17:40,,,,57.91011,57.83363,,,20.03608,
2019-09-10 17:17:50,,,,57.91011,57.81833,,,20.05574,
2019-09-10 17:18:00,,,,57.89481,57.80303,,,20.11471,
2019-09-10 17:18:10,,,,57.87952,57.81833,,,20.35059,
2019-09-10 17:18:20,,,,57.86422,57.78773,,,20.25231,
2019-09-10 17:18:30,,,,57.84892,57.78773,,,20.31127,
2019-09-10 17:18:40,,,,57.91613,57.83965,,,19.95746,
2019-09-10 17:18:50,,,,57.91613,57.82435,,,20.0754,
2019-09-10 17:19:00,,,,57.88554,57.82435,,,20.01643,
2019-09-10 17:19:10,,,,57.88552,57.82433,,,19.91814,
2019-09-10 17:19:20,,,,57.88552,57.79374,,,20.03608,
2019-09-10 17:19:30,,,,57.93325,57.85677,,,20.0754,
2019-09-10 17:19:40,,,,57.93325,57.85677,,,19.97712,
2019-09-10 17:19:50,,,,57.91795,57.82617,,,19.89849,
2019-09-10 17:20:00,,,,57.90266,57.82617,,,19.97712,
2019-09-10 17:20:10,,,,57.88736,57.82617,,,19.87883,
2019-09-10 17:20:20,,,,57.88736,57.81087,,,20.01643,
2019-09-10 17:20:30,,,,57.88736,57.81087,,,20.03608,
2019-09-10 17:20:40,,,,57.93507,57.85859,,,20.15402,
2019-09-10 17:20:50,,,,57.91978,57.85859,,,19.91814,
2019-09-10 17:21:00,,,,57.91976,57.82797,,,20.13437,
2019-09-10 17:21:10,,,,57.90446,57.82797,,,20.0754,
2019-09-10 17:21:20,,,,57.88917,57.82797,,,20.01643,
2019-09-10 17:21:30,,,,57.95219,57.87571,,,20.11471,
2019-09-10 17:21:40,,,,57.95219,57.86041,,,19.91814,
2019-09-10 17:21:50,,,,57.9369,57.86041,,,19.9378,
2019-09-10 17:22:00,,,,57.9216,57.84512,,,19.95746,
2019-09-10 17:22:10,,,,57.9216,57.82982,,,20.09505,
2019-09-10 17:22:20,,,,57.9063,57.82982,,,20.11471,
2019-09-10 17:22:30,,,,57.89101,57.81452,,,20.09505,
2019-09-10 17:22:40,,,,57.87571,57.79922,,,19.9378,
2019-09-10 17:22:50,,,,57.87571,57.79922,,,20.05574,
2019-09-10 17:23:00,,,,57.87569,57.7992,,,19.95746,
2019-09-10 17:23:10,,,,57.93872,57.83164,,,19.97712,
2019-09-10 17:23:20,,,,57.90813,57.83164,,,19.9378,
2019-09-10 17:23:30,,,,57.90813,57.83164,,,19.87883,
2019-09-10 17:23:40,,,,57.90813,57.81635,,,20.13437,
2019-09-10 17:23:50,,,,57.89283,57.81635,,,19.97712,
2019-09-10 17:24:00,,,,57.89283,57.80104,,,20.11471,
2019-09-10 17:24:10,,,,57.94057,57.86409,,,20.11471,
2019-09-10 17:24:20,,,,57.92528,57.84879,,,20.19334,
2019-09-10 17:24:30,,,,57.92528,57.8335,,,19.9378,
2019-09-10 17:24:40,,,,57.90999,57.8182,,,19.87883,
2019-09-10 17:24:50,,,,57.90997,57.81818,,,20.03608,
2019-09-10 17:25:00,,,,57.89468,57.81818,,,20.03608,
2019-09-10 17:25:10,,,,57.89468,57.80289,,,20.15402,
2019-09-10 17:25:20,,,,57.87938,57.78759,,,19.99677,
2019-09-10 17:25:30,,,,57.92712,57.85063,,,20.11471,
2019-09-10 17:25:40,,,,57.92712,57.83533,,,20.09505,
2019-09-10 17:25:50,,,,57.91182,57.83533,,,19.97712,
2019-09-10 17:26:00,,,,57.91182,57.82004,,,19.99677,
2019-09-10 17:26:10,,,,57.97906,57.88729,,,20.05574,
2019-09-10 17:26:20,,,,57.96378,57.87199,,,20.11471,
2019-09-10 17:26:30,,,,57.94847,57.87199,,,19.81986,
2019-09-10 17:26:40,,,,57.94847,57.8567,,,20.05574,
2019-09-10 17:26:50,,,,57.94846,57.85668,,,20.05574,
2019-09-10 17:27:00,,,,57.93317,57.84138,,,20.21299,
2019-09-10 17:27:10,,,,57.93317,57.84138,,,20.05574,
2019-09-10 17:27:20,,,,57.93317,57.84138,,,19.95746,
2019-09-10 17:27:30,,,,57.91787,57.84138,,,19.91814,
2019-09-10 17:27:40,,,,57.90257,57.81078,,,19.97712,
2019-09-10 17:27:50,,,,57.90257,57.81078,,,19.9378,
2019-09-10 17:28:00,,,,57.96562,57.87384,,,19.99677,
2019-09-10 17:28:10,,,,57.95033,57.87384,,,20.11471,
2019-09-10 17:28:20,,,,57.93503,57.84325,,,19.99677,
2019-09-10 17:28:30,,,,57.93503,57.84325,,,20.01643,
2019-09-10 17:28:40,,,,57.93503,57.84325,,,19.91814,
2019-09-10 17:28:50,,,,57.91972,57.84324,,,19.99677,
2019-09-10 17:29:00,,,,57.96748,57.8757,,,19.91814,
2019-09-10 17:29:10,,,,57.96748,57.8757,,,19.99677,
2019-09-10 17:29:20,,,,57.96748,57.8757,,,19.97712,
2019-09-10 17:29:30,,,,57.96748,57.8757,,,20.11471,
2019-09-10 17:29:40,,,,57.95218,57.8604,,,20.0754,
2019-09-10 17:29:50,,,,57.93689,57.8604,,,19.9378,
2019-09-10 17:30:00,,,,57.93689,57.8451,,,19.85918,
2019-09-10 17:30:10,,,,57.92159,57.8298,,,19.9378,
2019-09-10 17:30:20,,,,57.92159,57.8451,,,19.99677,
2019-09-10 17:30:30,,,,57.96935,57.87757,,,19.97712,
2019-09-10 17:30:40,,,,57.96935,57.87756,,,20.0754,
2019-09-10 17:30:50,,,,57.96935,57.86227,,,19.83952,
2019-09-10 17:31:00,,,,57.93875,57.86227,,,19.95746,
2019-09-10 17:31:10,,,,57.93875,57.84697,,,20.09505,
2019-09-10 17:31:20,,,,57.93875,57.84697,,,20.05574,
2019-09-10 17:31:30,,,,57.93875,57.84697,,,20.19334,
2019-09-10 17:31:40,,,,57.92345,57.83167,,,20.01643,
2019-09-10 17:31:50,,,,57.97543,57.88364,,,20.11471,
2019-09-10 17:32:00,,,,57.97543,57.88364,,,20.09505,
2019-09-10 17:32:10,,,,57.96013,57.88364,,,20.05574,
2019-09-10 17:32:20,,,,57.96013,57.86834,,,20.0754,
2019-09-10 17:32:30,,,,57.94483,57.85305,,,19.99677,
2019-09-10 17:32:40,,,,57.94482,57.85304,,,20.01643,
2019-09-10 17:32:50,,,,57.94482,57.85304,,,20.09505,
2019-09-10 17:33:00,,,,57.92953,57.83775,,,19.9378,
2019-09-10 17:33:10,,,,57.91423,57.83775,,,20.15402,
2019-09-10 17:33:20,,,,57.91423,57.82244,,,19.87883,
2019-09-10 17:33:30,,,,57.91423,57.82244,,,20.05574,
2019-09-10 17:33:40,,,,57.97728,57.8702,,,19.97712,
2019-09-10 17:33:50,,,,57.96198,57.8702,,,20.0754,
2019-09-10 17:34:00,,,,57.96198,57.8549,,,20.03608,
2019-09-10 17:34:10,,,,57.96198,57.8549,,,20.11471,
2019-09-10 17:34:20,,,,57.93139,57.83961,,,19.95746,
2019-09-10 17:34:30,,,,57.93138,57.8396,,,20.01643,
2019-09-10 17:34:40,,,,57.99445,57.90267,,,20.03608,
2019-09-10 17:34:50,,,,57.99445,57.88738,,,20.11471,
2019-09-10 17:35:00,,,,57.97916,57.88738,,,19.99677,
2019-09-10 17:35:10,,,,57.97916,57.88738,,,20.11471,
2019-09-10 17:35:20,,,,57.96386,57.87209,,,20.09505,
2019-09-10 17:35:30,,,,57.96386,57.87209,,,20.13437,
2019-09-10 17:35:40,,,,57.94857,57.85678,,,19.9378,
2019-09-10 17:35:50,,,,57.94857,57.85678,,,19.89849,
2019-09-10 17:36:00,,,,57.94857,57.85678,,,19.99677,
2019-09-10 17:36:10,,,,57.93327,57.84148,,,20.11471,
2019-09-10 17:36:20,,,,57.93327,57.82619,,,20.0754,
2019-09-10 17:36:30,,,,57.98104,57.88926,,,20.05574,
2019-09-10 17:36:40,,,,57.98104,57.88926,,,20.13437,
2019-09-10 17:36:50,,,,57.96574,57.88926,,,20.01643,
2019-09-10 17:37:00,,,,57.96574,57.87396,,,20.01643,
2019-09-10 17:37:10,,,,57.96574,57.85867,,,19.9378,
2019-09-10 17:37:20,,,,57.95045,57.85867,,,20.09505,
2019-09-10 17:37:30,,,,57.95045,57.85867,,,19.9378,
2019-09-10 17:37:40,,,,58.00243,57.92595,,,20.0754,
2019-09-10 17:37:50,,,,58.00243,57.91066,,,19.91814,
2019-09-10 17:38:00,,,,58.00243,57.89536,,,20.05574,
2019-09-10 17:38:10,,,,57.98714,57.89536,,,20.13437,
2019-09-10 17:38:20,,,,57.98714,57.89536,,,20.11471,
2019-09-10 17:38:30,,,,57.98713,57.89536,,,20.05574,
2019-09-10 17:38:40,,,,57.97184,57.88005,,,20.01643,
2019-09-10 17:38:50,,,,57.97184,57.86476,,,20.15402,
2019-09-10 17:39:00,,,,57.95654,57.86476,,,19.85918,
2019-09-10 17:39:10,,,,57.95654,57.86476,,,20.23265,
2019-09-10 17:39:20,,,,57.95654,57.86476,,,20.21299,
2019-09-10 17:39:30,,,,57.94124,57.84946,,,19.95746,
2019-09-10 17:39:40,,,,57.94124,57.84946,,,20.11471,
2019-09-10 17:39:50,,,,58.00432,57.91254,,,20.09505,
2019-09-10 17:40:00,,,,58.00432,57.89725,,,20.25231,
2019-09-10 17:40:10,,,,57.98903,57.89725,,,19.85918,
2019-09-10 17:40:20,,,,57.97372,57.89724,,,19.99677,
2019-09-10 17:40:30,,,,57.97372,57.86665,,,20.01643,
2019-09-10 17:40:40,,,,57.97372,57.86665,,,19.97712,
2019-09-10 17:40:50,0.0,58.53731,58.55251,58.03681,57.92974,404.1626452963,831.5879966030001,20.03608,3.1474753289569484
2019-09-10 17:45:00,0.06944444443797693,69.42757,69.41255,58.97733,58.88565,17862.338210904,8194.569854572,19.6516,66.36733375184298
2019-09-10 17:50:00,0.15277777769370005,70.54902,70.56402,59.99318,59.90161,17990.413979699,12865.480939591998,19.48046,78.59042489517923
2019-09-10 17:55:00,0.23611111112404615,71.41438,71.41438,60.84826,60.75678,17981.848578304,12863.735024898,19.48505,78.56416181920031
2019-09-10 18:00:00,0.31944444437976927,72.01358,72.02856,61.45087,61.32896,17967.51725034,12855.880314908,19.49422,78.50765364939657
2019-09-10 18:05:00,0.40277777781011537,72.42641,72.42641,61.89468,61.77284,17956.352734593,12851.813203488,19.52633,78.46885846766452
2019-09-10 18:10:00,0.4861111110658385,72.77924,72.79419,62.35779,62.25124,17952.232624913,12847.047929806,19.4975,78.44622726362384
2019-09-10 18:15:00,0.5694444444961846,73.43095,73.43095,62.98989,62.8682,17945.90092328,12847.095733703001,19.47784,78.43022208230074
2019-09-10 18:20:00,0.6527777777519077,73.79839,73.79839,63.4677,63.37649,17939.83515742,12841.19532946,19.53353,78.39974406844884
2019-09-10 18:25:00,0.7361111111822538,74.37476,74.37476,63.86308,63.77191,17928.188021068003,12834.29281716,19.50143,78.35249783647177
2019-09-10 18:30:00,0.8194444444379769,74.82057,74.82057,64.29047,64.18414,17931.406235886,12839.733656952001,19.54664,78.37455257780304
2019-09-10 18:35:00,0.9027777776937,75.16405,75.17896,64.67619,64.56992,17926.762829696,12835.497901185001,19.54402,78.35193721977377
2019-09-10 18:40:00,0.9861111111240461,75.53079,75.54571,65.04235,64.93613,17922.3441375,12834.91387748,19.52305,78.33919522770651
2019-09-10 18:45:00,1.0694444443797693,75.8121,75.827,65.36699,65.27597,17918.388839567,12832.752162165,19.54205,78.32361510366516
2019-09-10 18:50:00,1.1527777778101154,76.14877,76.17858,65.62478,65.51862,17913.334709865,12831.527941784,19.52633,78.30762405229704
2019-09-10 18:55:00,1.2361111110658385,76.25755,76.28735,65.96646,65.8755,17915.976667348,12831.659658969002,19.53288,78.31468864307458
2019-09-10 19:00:00,1.3194444444961846,76.65363,76.66853,66.16353,66.08774,17909.7221184,12829.749880182,19.53157,78.29389397847788
2019-09-10 19:05:00,1.4027777777519077,76.94949,76.97926,66.4273,66.33639,17913.104150222,12830.719907145001,19.51912,78.30497873715937
2019-09-10 19:10:00,1.4861111111822538,77.11128,77.12616,66.70815,66.61726,17910.390707514,12830.699337033,19.5296,78.29801516570069
2019-09-10 19:15:00,1.569444444437977,77.30934,77.33911,66.91122,66.82037,17907.585926682,12830.971622927998,19.53091,78.29156486329771
2019-09-10 19:20:00,1.6527777776937,77.57533,77.57533,67.16586,67.05989,17907.854836014,12830.497752104999,19.5486,78.291042823321
2019-09-10 19:25:00,1.7361111111240461,77.8924,77.8924,67.31926,67.22844,17904.036826715997,12832.931189474999,19.55122,78.28751629795512
2019-09-10 19:30:00,1.8194444443797693,77.89058,77.9352,67.52838,67.46785,17911.91390983,12826.14000228,19.54729,78.29028209106822
2019-09-10 19:35:00,1.9027777778101154,78.13739,78.16713,67.73742,67.66177,17910.456407493,12830.26697095,19.54598,78.29708126166116
2019-09-10 19:40:00,1.9861111110658385,78.45851,78.48824,67.87971,67.78896,17910.64148972,12829.979690462002,19.55188,78.29682096116505
2019-09-10 19:45:00,2.0694444444961846,78.57811,78.60783,68.06934,67.9786,17905.818152222,12830.621086890002,19.5296,78.28616949484272
2019-09-10 19:50:00,2.1527777777519077,78.65736,78.68707,68.23286,68.14214,17908.485131646,12828.357942949999,19.5165,78.28719806984786
2019-09-10 19:55:00,2.236111111182254,78.9083,78.93801,68.39645,68.32086,17903.439404065,12830.243892080001,19.51388,78.2791500669723
2019-09-10 20:00:00,2.319444444437977,79.03629,79.06599,68.5601,68.46941,17902.947578112,12828.676160295001,19.53157,78.27390434267396
2019-09-10 20:05:00,2.4027777776937,79.26825,79.29794,68.72377,68.63309,17910.156781716,12829.593236976,19.51715,78.29460209984761
2019-09-10 20:10:00,2.486111111124046,79.23706,79.25191,68.85725,68.76659,17905.286196446,12827.784509217,19.54533,78.2775897898715
2019-09-10 20:15:00,2.5694444443797693,79.56225,79.59193,68.99069,68.90004,17906.797800155,12827.907735309,19.54205,78.28175372577509
2019-09-10 20:20:00,2.6527777778101154,79.73895,79.7538,69.14341,69.05277,17903.874244083,12827.073159964,19.52108,78.2721817089645
2019-09-10 20:25:00,2.7361111110658385,79.90083,79.93051,69.34361,69.253,17907.403875,12828.459752776,19.52764,78.28470340417871
2019-09-10 20:30:00,2.8194444444961846,79.86986,79.89954,69.46619,69.37559,17902.696950432,12826.615863168001,19.51584,78.2680183826991
2019-09-10 20:35:00,2.9027777777519077,79.94278,79.97246,69.58476,69.52438,17902.974790018,12829.110168432,19.52698,78.27507907700735
2019-09-10 20:40:00,2.986111111182254,80.01987,80.04955,69.72256,69.632,17903.129425115,12826.219947345002,19.53025,78.26811149866117
2019-09-10 20:45:00,3.069444444437977,80.32351,80.35318,69.84126,69.7507,17903.152354662,12828.918309192999,19.54336,78.27504266846053
2019-09-10 20:50:00,3.1527777776937,80.4156,80.44525,69.87811,69.80266,17901.326138268,12828.077561160002,19.50601,78.26824987025954
2019-09-10 20:55:00,3.236111111124046,80.35939,80.38905,70.00075,69.92531,17903.188411644,12827.64956256,19.53943,78.2719029895211
2019-09-10 21:00:00,3.3194444443797693,80.54053,80.57018,70.12332,70.03279,17903.117560856,12827.028263344,19.53943,78.27014007313029
2019-09-10 21:05:00,3.4027777778101154,80.69196,80.72162,70.24579,70.15527,17900.253161148,12828.36781494,19.51781,78.2662562622301
2019-09-10 21:10:00,3.4861111110658385,80.58458,80.62906,70.35315,70.27774,17900.315022185998,12827.077017825,19.5237,78.26312614369965
2019-09-10 21:15:00,3.5694444444961846,80.9436,80.95842,70.40477,70.31428,17902.506340994,12827.091703356,19.53812,78.26874486967652
2019-09-10 21:20:00,3.6527777777519077,81.02516,81.03998,70.51224,70.42175,17899.412965747,12828.556663828,19.53419,78.26459727293991
2019-09-10 21:25:00,3.736111111182254,80.918,80.96245,70.61974,70.54434,17901.554804385,12828.321353939,19.51322,78.26945323011925
2019-09-10 21:30:00,3.819444444437977,81.12202,81.15166,70.74649,70.65603,17903.278319608,12827.559306345,19.54402,78.27190210252058
2019-09-10 21:35:00,3.9027777776937,81.10004,81.12966,70.79829,70.7229,17902.426089110002,12826.841966323,19.53026,78.26790438297972
2019-09-10 21:40:00,3.986111111124046,81.40434,81.43396,70.97031,70.87987,17901.661250647,12826.30614764,19.49684,78.26459158981606
2019-09-10 21:45:00,4.069444444379769,81.47511,81.50474,71.0372,70.94676,17899.884954224,12826.962738060001,19.53288,78.26173968191439
2019-09-10 21:50:00,4.152777777810115,81.28309,81.2979,71.13829,71.04787,17900.317490022,12825.073818222001,19.52436,78.25803025002743
2019-09-10 21:55:00,4.2361111110658385,81.67928,81.72371,71.21358,71.10811,17901.990713025,12826.891048545,19.52567,78.26692048674508
2019-09-10 22:00:00,4.319444444496185,81.70977,81.73938,71.27373,71.18332,17897.653923335998,12825.173400083999,19.51912,78.25149974241226
2019-09-10 22:05:00,4.402777777751908,81.87265,81.90225,71.27811,71.18771,17900.613084869998,12825.896785932,19.53353,78.26087924555762
2019-09-10 22:10:00,4.486111111182254,81.57281,81.60243,71.38347,71.29308,17900.321651514,12827.525419296,19.54139,78.26428511393621
2019-09-10 22:15:00,4.569444444437977,82.09136,82.10617,71.44359,71.36827,17898.431614844,12826.979334,19.54402,78.25808027492879
2019-09-10 22:20:00,4.6527777776937,82.07698,82.10658,71.53387,71.44349,17898.340639709997,12828.638699086001,19.51715,78.26207498754532
2019-09-10 22:25:00,4.736111111124046,81.97377,81.98857,71.64977,71.55939,17899.022727672003,12828.297941679999,19.53288,78.26294436156596
2019-09-10 22:30:00,4.819444444379769,82.07365,82.08845,71.69487,71.60451,17898.95276664,12826.973648164001,19.54205,78.25939317442243
2019-09-10 22:35:00,4.902777777810115,82.29605,82.31084,71.72489,71.63454,17898.253267611,12827.571184319999,19.54795,78.25913347346305
2019-09-10 22:40:00,4.9861111110658385,82.4001,82.44449,71.82568,71.73534,17897.843278749002,12826.435966885,19.51781,78.25519780996183
2019-09-10 22:45:00,5.069444444496185,82.17867,82.19347,71.92236,71.81697,17894.663641616,12828.60134404,19.52436,78.25261447465965
2019-09-10 22:50:00,5.152777777751908,82.3868,82.43118,71.92227,71.84698,17894.31424503,12828.069124094001,19.54074,78.25036898419418
2019-09-10 22:55:00,5.236111111182254,82.57546,82.59026,71.99304,71.91777,17889.974000124002,12830.409291525,19.5165,78.24527475701346
2019-09-10 23:00:00,5.319444444437977,82.50201,82.51681,72.07883,71.98851,17896.617359159,12823.3400499,19.5486,78.24419002770028
2019-09-10 23:05:00,5.4027777776937,82.56213,82.60651,72.13455,72.07434,17890.993278574,12823.88663619,19.53222,78.2312575739474
2019-09-10 23:10:00,5.486111111124046,82.57739,82.59218,72.20114,72.12589,17895.068224114002,12823.756171,19.52239,78.2413042242717
2019-09-10 23:15:00,5.569444444379769,82.59268,82.63705,72.25694,72.16664,17892.082433862,12824.154778292,19.5047,78.23471463065792
2019-09-10 23:20:00,5.652777777810115,82.83033,82.84512,72.31276,72.23752,17896.398496703998,12824.698217345,19.51519,78.24709185451434
2019-09-10 23:25:00,5.7361111110658385,82.89468,82.92424,72.36861,72.27831,17889.508800004,12821.202207654,19.53615,78.22063930532593
2019-09-10 23:30:00,5.819444444496185,82.82129,82.85086,72.42441,72.33411,17892.133220937,12826.180634896,19.5165,78.240003873103
2019-09-10 23:35:00,5.902777777751908,82.92587,82.95544,72.46517,72.37489,17891.580777355997,12822.69362232,19.51519,78.22971531798072
2019-09-10 23:40:00,5.986111111182254,83.04465,83.089,72.57678,72.50156,17895.53901672,12824.82767916,19.53681,78.24523248734212
2019-09-10 23:45:00,6.069444444437977,83.03511,83.07946,72.54671,72.47148,17893.90672068,12825.252900200001,19.53615,78.24215804930107
2019-09-10 23:50:00,6.1527777776937,83.03568,83.08002,72.72911,72.6539,17892.602259606,12824.556523305,19.54795,78.23706188513077
2019-09-10 23:55:00,6.236111111124046,83.36614,83.41048,72.76981,72.70964,17891.491458750002,12822.684696132,19.5237,78.22946508702408
2019-09-11 00:00:00,6.319444444379769,83.18941,83.21896,72.81042,72.73522,17893.083966813,12826.00385956,19.54467,78.24197518762017
2019-09-11 00:05:00,6.402777777810115,83.41644,83.44599,72.86613,72.79094,17891.231062002,12822.539635176001,19.53025,78.22843238020037
2019-09-11 00:10:00,6.4861111110658385,83.29886,83.32841,72.89174,72.83157,17894.39929198,12823.425351853999,19.52239,78.23875784283987
2019-09-11 00:15:00,6.569444444496185,83.30424,83.3338,72.94743,72.87224,17892.200178898,12823.895151234,19.52043,78.23435325503024
2019-09-11 00:20:00,6.652777777751908,83.57086,83.58563,72.97311,72.91295,17894.018443282002,12821.295457764,19.52698,78.23236294348507
2019-09-11 00:25:00,6.736111111182254,83.36944,83.41376,73.08469,73.02454,17892.713392422,12822.649750304,19.53943,78.23248836277898
2019-09-11 00:30:00,6.819444444437977,83.53677,83.56631,73.06967,72.99449,17892.549126487,12822.179330969999,19.54271,78.23087180992593
2019-09-11 00:35:00,6.9027777776937,83.49791,83.52747,73.18561,73.11043,17889.327017804,12825.171930600001,19.52239,78.23028724694242
2019-09-11 00:40:00,6.986111111124046,83.63571,83.65048,73.15571,73.08054,17889.842547528,12821.522943599999,19.53419,78.22230628449242
2019-09-11 00:45:00,7.069444444379769,83.56735,83.58214,73.26749,73.20735,17891.588740704,12820.77767903,19.55057,78.22485566459113
2019-09-11 00:50:00,7.152777777810115,83.70514,83.74946,73.23764,73.16247,17890.852915152,12820.214191272,19.53353,78.22154629419785
2019-09-11 00:55:00,7.2361111110658385,83.76907,83.7986,73.35362,73.2935,17887.413686094,12820.76277632,19.54271,78.21418378076042
2019-09-11 01:00:00,7.319444444496185,83.70077,83.71555,73.39457,73.31941,17889.564137724,12820.815865158,19.54402,78.21979623122108
2019-09-11 01:05:00,7.402777777751908,83.97632,84.02062,73.4505,73.36032,17890.236875544,12818.521939912,19.54205,78.21566704265024
2019-09-11 01:10:00,7.486111111182254,83.90318,83.91795,73.40545,73.3303,17888.01227304,12817.095388498,19.5237,78.20636749912626
2019-09-11 01:15:00,7.569444444437977,83.86373,83.8785,73.53637,73.4462,17887.931389128,12817.372143114,19.53943,78.20686638473279
2019-09-11 01:20:00,7.6527777776937,83.94734,83.97688,73.50633,73.43118,17887.352974999998,12815.98374303,19.51453,78.20185687957938
2019-09-11 01:25:00,7.736111111124046,84.06054,84.10484,73.62225,73.56213,17887.944542707002,12816.368029667,19.50601,78.20434239515856
2019-09-11 01:30:00,7.819444444379769,84.03595,84.06548,73.59218,73.51704,17887.11780582,12816.536227964,19.53353,78.20266508754088
2019-09-11 01:35:00,7.902777777810115,84.12952,84.14429,73.63298,73.55785,17885.112614215,12814.295965968,19.53353,78.19185185385416
2019-09-11 01:40:00,7.9861111110658385,84.06068,84.10498,73.67792,73.60278,17886.201502,12813.920075528,19.50274,78.19366786873363
2019-09-11 01:45:00,8.069444444496185,84.11487,84.14441,73.7337,73.65858,17883.819982587,12813.401658321,19.53484,78.18628168687985
2019-09-11 01:50:00,8.152777777751908,84.11986,84.13463,73.77446,73.69933,17883.582577114,12811.778341278,19.51388,78.18154239885962
2019-09-11 01:55:00,8.236111111182254,84.26186,84.27662,73.75938,73.68427,17884.871191891998,12814.422436887999,19.53812,78.19155907091502
2019-09-11 02:00:00,8.319444444437977,84.19302,84.20778,73.89026,73.80013,17882.7796875,12812.731735232,19.52698,78.18192573565993
2019-09-11 02:05:00,8.4027777776937,84.16847,84.198,73.87515,73.78501,17885.448671184,12811.30713402,19.56564,78.18509519638899
2019-09-11 02:10:00,8.486111111124046,84.41461,84.44413,73.92013,73.84501,17883.502371674,12812.203749252001,19.52567,78.18242163486599
2019-09-11 02:15:00,8.56944444437977,84.52705,84.54181,73.96512,73.90503,17879.632576249,12806.785041605,19.53746,78.15876367890723
2019-09-11 02:20:00,8.652777777810115,84.41398,84.4435,73.95009,73.89,17887.984083888,12805.30348413,19.52305,78.17626154451152
2019-09-11 02:25:00,8.736111111065838,84.51669,84.53144,74.00589,73.93079,17882.403277716,12809.075674912,19.54074,78.17165497411892
2019-09-11 02:30:00,8.819444444496185,84.42813,84.4429,74.05084,73.99077,17881.032107664,12808.631634505,19.55909,78.16703160598716
2019-09-11 02:35:00,8.902777777751908,84.54146,84.57097,74.12164,74.04654,17880.849507975,12807.501580368002,19.51584,78.16368825710049
2019-09-11 02:40:00,8.986111111182254,84.34959,84.37912,74.09157,74.03149,17879.626351526,12806.996916672,19.50929,78.15928747340281
2019-09-11 02:45:00,9.069444444437977,84.67371,84.70322,74.15164,74.09157,17879.487496536,12804.970146303998,19.5296,78.1537715932932
2019-09-11 02:50:00,9.1527777776937,84.6829,84.7124,74.21179,74.15172,17876.696336495002,12806.931375835999,19.51912,78.15165774789978
2019-09-11 02:55:00,9.236111111124046,84.65843,84.68795,74.28275,74.20767,17878.037864791004,12806.386204983999,19.54598,78.15368608219559
2019-09-11 03:00:00,9.31944444437977,84.81519,84.82993,74.25274,74.17766,17871.6855184,12809.643525234,19.53484,78.14580300442003
2019-09-11 03:05:00,9.402777777810115,84.77597,84.80547,74.32776,74.23767,17877.075563492,12808.210102272,19.51388,78.1558805800392
2019-09-11 03:10:00,9.486111111065838,84.69663,84.72614,74.37276,74.29768,17878.707289898997,12797.8728894,19.54402,78.1337075760802
2019-09-11 03:15:00,9.569444444496185,84.94183,84.98608,74.37277,74.28268,17879.382548611,12806.313982046,19.5237,78.15692705905398
2019-09-11 03:20:00,9.652777777751908,84.77954,84.79429,74.34282,74.26775,17875.012352127,12804.303592622,19.5237,78.14067561151367
2019-09-11 03:25:00,9.736111111182254,85.14783,85.17733,74.40302,74.34297,17875.406294736003,12803.642143739999,19.51715,78.13999426904371
2019-09-11 03:30:00,9.819444444437977,84.79384,84.82335,74.45901,74.39896,17870.704131693,12802.514539082002,19.51126,78.12514576369782
2019-09-11 03:35:00,9.9027777776937,84.90636,84.93585,74.45898,74.39894,17873.729118450003,12802.743495,19.52108,78.13343360425735
2019-09-11 03:40:00,9.986111111124046,84.95573,84.97049,74.51897,74.45892,17872.125598605,12802.07562948,19.54074,78.12764835183141
2019-09-11 03:45:00,10.06944444437977,84.90601,84.92076,74.57901,74.51897,17874.31667715,12805.952013108,19.54139,78.14310226854519
2019-09-11 03:50:00,10.152777777810115,85.16603,85.18077,74.56393,74.50389,17871.017137139,12801.840532319999,19.52501,78.12422628795788
2019-09-11 03:55:00,10.236111111065838,85.08682,85.11633,74.63896,74.56392,17874.020029824,12804.311345826,19.49291,78.13816789932346
2019-09-11 04:00:00,10.319444444496185,85.24358,85.25832,74.62384,74.5488,17874.055154563997,12800.366001308,19.51584,78.12820851118741
2019-09-11 04:05:00,10.402777777751908,85.26756,85.29704,74.68388,74.62385,17866.512001933002,12800.138134212,19.52436,78.10841560795738
2019-09-11 04:10:00,10.486111111182254,85.13997,85.15471,74.66889,74.60886,17871.441727801997,12799.727908233,19.53353,78.11992684163242
2019-09-11 04:15:00,10.569444444437977,85.0957,85.11044,74.72903,74.66899,17869.276967447997,12803.799694020001,19.53288,78.12478406387334
2019-09-11 04:20:00,10.6527777776937,85.25246,85.2672,74.8,74.70995,17869.94290621,12800.89012433,19.50929,78.1190695024127
2019-09-11 04:25:00,10.736111111124046,85.27652,85.29126,74.86017,74.78513,17874.472253742,12800.586047872,19.52894,78.12983133090192
2019-09-11 04:30:00,10.81944444437977,85.03516,85.04991,74.83014,74.77011,17863.226864914,12800.638510308,19.56629,78.10132278032289
2019-09-11 04:35:00,10.902777777810115,85.41313,85.44262,74.90518,74.83015,17873.482304431,12795.250917384,19.54139,78.1137212582497
2019-09-11 04:40:00,10.986111111065838,85.28047,85.29521,74.89009,74.83007,17866.711532332003,12799.61766688,19.54664,78.10759817679893
2019-09-11 04:45:00,11.069444444496185,85.30457,85.31931,74.95017,74.89015,17866.25737828,12797.347757485,19.5355,78.10065994654174
2019-09-11 04:50:00,11.152777777751908,85.32867,85.35815,74.95023,74.8902,17869.279051671,12795.690899459998,19.52567,78.10413615164933
2019-09-11 04:55:00,11.236111111182254,85.40239,85.43188,74.99534,74.93532,17863.977264831,12798.757269165,19.52305,78.09844251084205
2019-09-11 05:00:00,11.319444444437977,85.41052,85.44001,75.07045,74.99544,17867.99088217,12797.487864512,19.54336,78.10543206151169
2019-09-11 05:05:00,11.4027777776937,85.3663,85.38104,75.04041,74.98039,17866.978905895,12795.344527107,19.51257,78.09739543047449
2019-09-11 05:10:00,11.486111111124046,85.61151,85.62625,75.0404,74.98038,17864.177684394002,12796.991223024,19.52305,78.09445483658033
2019-09-11 05:15:00,11.56944444437977,85.45875,85.48823,75.11549,75.04048,17865.341424645,12796.83381795,19.53288,78.09701798729608
2019-09-11 05:20:00,11.652777777810115,85.56193,85.60614,75.10049,75.04048,17865.100057136,12795.956799504,19.51846,78.09416944157634
2019-09-11 05:25:00,11.736111111065838,85.60078,85.63026,75.16063,75.11563,17864.212035956003,12797.583851592,19.52894,78.09605176432936
2019-09-11 05:30:00,11.819444444496185,85.58069,85.61017,75.16069,75.08569,17864.869966404,12795.318298711,19.51584,78.09195712599814
2019-09-11 05:35:00,11.902777777751908,85.62491,85.65439,75.16075,75.08574,17863.764121216,12794.496186528,19.52633,78.0870465897987
2019-09-11 05:40:00,11.986111111182254,85.71213,85.75635,75.24011,75.16512,17865.401906549,12795.478068123,19.52633,78.09371892056383
2019-09-11 05:45:00,12.069444444437977,85.53527,85.56474,75.24015,75.16515,17864.420401148,12794.44371872,19.51191,78.08858450829065
2019-09-11 05:50:00,12.1527777776937,85.60363,85.63311,75.30026,75.24027,17863.57076766,12793.790346524,19.5237,78.0847563303806
2019-09-11 05:55:00,12.236111111124046,85.61836,85.64784,75.30022,75.22523,17863.501437696003,12796.704443879999,19.52567,78.09200199538724
2019-09-11 06:00:00,12.31944444437977,85.65724,85.68672,75.28517,75.22518,17861.11899645,12794.806189957999,19.51781,78.08109900090335
2019-09-11 06:05:00,12.402777777810115,85.52342,85.53817,75.28506,75.22506,17864.563379524,12795.57165524,19.54336,78.09182154749965
2019-09-11 06:10:00,12.486111111065838,85.61187,85.6266,75.36006,75.30006,17863.349411865,12795.400572134999,19.51388,78.08829380253134
2019-09-11 06:15:00,12.569444444496185,85.73918,85.76865,75.43504,75.37505,17863.125948,12795.820265110999,19.51388,78.08879360100585
2019-09-11 06:20:00,12.652777777751908,85.50336,85.53284,75.435,75.37501,17861.409332256,12793.396893544,19.52174,78.07824899153387
2019-09-11 06:25:00,12.736111111182254,85.90012,85.92959,75.43497,75.37498,17863.503436125,12793.962620933,19.53288,78.08502362144698
2019-09-11 06:30:00,12.819444444437977,85.70856,85.73804,75.43497,75.37498,17860.506706458,12793.702095155999,19.50536,78.07672734321535
2019-09-11 06:35:00,12.9027777776937,85.85062,85.86535,75.51012,75.43513,17859.788671481998,12794.23682016,19.51257,78.0762604499807
2019-09-11 06:40:00,12.986111111124046,85.70325,85.74747,75.49515,75.43517,17859.762213645,12792.890774253,19.51781,78.0727646624596
2019-09-11 06:45:00,13.06944444437977,85.95262,85.99681,75.58521,75.52524,17860.38011029,12793.56141,19.54336,78.07604657369384
2019-09-11 06:50:00,13.152777777810115,85.68739,85.70212,75.57008,75.51011,17861.165578996,12793.428460005,19.54008,78.07770854858985
2019-09-11 06:55:00,13.236111111065838,86.09352,86.10826,75.56995,75.50996,17860.532580000003,12793.35337962,19.50208,78.07590505983812
2019-09-11 07:00:00,13.319444444496185,86.04934,86.06407,75.56984,75.50986,17861.120028,12790.865843568,19.5106,78.07106550721014
2019-09-11 07:05:00,13.402777777751908,85.99988,86.01462,75.58468,75.5247,17858.600845327997,12792.88660359,19.50536,78.06979601728143
2019-09-11 07:10:00,13.486111111182254,86.16192,86.19138,75.58456,75.52458,17862.656549958,12793.073728292,19.53681,78.08060256691584
2019-09-11 07:15:00,13.569444444437977,86.11662,86.13135,75.65956,75.58459,17860.312031232,12791.76411045,19.51977,78.0712954265378
2019-09-11 07:20:00,13.6527777776937,85.86728,85.89674,75.65955,75.59957,17857.147923304998,12791.751559694001,19.53091,78.06320442945939
2019-09-11 07:25:00,13.736111111124046,86.11137,86.14084,75.73886,75.67889,17858.760010614,12790.770426688,19.53419,78.06481147948637
2019-09-11 07:30:00,13.81944444437977,86.19975,86.21448,75.73893,75.67897,17859.397281264,12792.8853014,19.53353,78.07182123480015
2019-09-11 07:35:00,13.902777777810115,86.11137,86.15556,75.73899,75.67903,17859.615749591998,12791.441586204,19.50863,78.06870051274011
2019-09-11 07:40:00,13.986111111065838,86.2281,86.24284,75.73915,75.67919,17854.503208362003,12789.326814000002,19.53288,78.05029243755337
2019-09-11 07:45:00,14.069444444496185,86.19865,86.2281,75.79944,75.75447,17853.64697451,12788.571635031,19.54402,78.04618814504732
2019-09-11 07:50:00,14.152777777751908,86.31541,86.35959,75.81461,75.73967,17853.756913,12788.163950433,19.54205,78.04542978126628
2019-09-11 07:55:00,14.236111111182254,86.21231,86.24178,75.79976,75.73979,17856.503397792,12789.543694798002,19.52174,78.05593934851467
2019-09-11 08:00:00,14.319444444437977,86.28595,86.30068,75.85991,75.79996,17853.289516503,12786.510049487999,19.52764,78.04002680502036
2019-09-11 08:05:00,14.4027777776937,86.32905,86.32905,75.85992,75.78499,17854.987139712,12787.9332705,19.5165,78.047975641831
2019-09-11 08:10:00,14.486111111124046,86.31432,86.32905,75.85994,75.78499,17852.617934857004,12786.27344253,19.53812,78.03771363509092
2019-09-11 08:15:00,14.56944444437977,86.36802,86.39748,75.92424,75.8493,17853.17194512,12786.240649804,19.52239,78.03904118393702
2019-09-11 08:20:00,14.652777777810115,86.38274,86.4122,75.96919,75.89426,17849.423479194,12785.369376726001,19.51977,78.0272746397425
2019-09-11 08:25:00,14.736111111065838,86.3228,86.35225,76.0141,75.92418,17848.281562649998,12785.583898686,19.51322,78.02491255189534
2019-09-11 08:30:00,14.819444444496185,86.39748,86.42693,76.04398,75.95406,17850.408227008003,12782.986941527999,19.53288,78.02371470911446
2019-09-11 08:35:00,14.902777777751908,86.45638,86.4711,76.00961,75.91969,17851.060092042997,12786.00173011,19.51322,78.03305373060311
2019-09-11 08:40:00,14.986111111182254,86.46158,86.47631,76.06952,75.99458,17850.351965364,12785.039784995,19.51715,78.02880003281736
2019-09-11 08:45:00,15.069444444437977,86.44901,86.47845,76.00925,75.94931,17849.78518764,12784.472397517,19.50929,78.02591129712003
2019-09-11 08:50:00,15.1527777776937,86.509,86.509,76.0992,76.03925,17849.275285319996,12783.760314792,19.52436,78.02279888297181
2019-09-11 08:55:00,15.236111111124046,86.33754,86.35228,76.01978,75.95983,17852.406579738,12784.968163785,19.51322,78.03385074600298
2019-09-11 09:00:00,15.31944444437977,86.32393,86.33865,76.09464,76.03469,17849.384280288003,12781.57095516,19.5355,78.0175001631224
2019-09-11 09:05:00,15.402777777810115,86.50063,86.51535,76.15448,76.07956,17847.046825644,12782.31762429,19.53288,78.01344840867517
2019-09-11 09:10:00,15.486111111065838,86.38809,86.40282,76.13937,76.06445,17846.841954642,12782.663119727998,19.5237,78.01380658121253
2019-09-11 09:15:00,15.569444444496185,86.59534,86.62479,76.10933,76.04939,17848.190595930002,12784.889413296,19.52174,78.02291199364801
2019-09-11 09:20:00,15.652777777751908,86.61006,86.63951,76.15431,76.07939,17844.384960924002,12784.180168410001,19.52174,78.01141252717683
2019-09-11 09:25:00,15.736111111182254,86.5659,86.58061,76.18425,76.12431,17845.250447069,12782.783412675,19.50536,78.01005937560168
2019-09-11 09:30:00,15.819444444437977,86.48285,86.49757,76.2141,76.15416,17845.675673778,12783.608159652,19.52174,78.01324307723627
2019-09-11 09:35:00,15.9027777776937,86.60063,86.63007,76.22902,76.1541,17848.179903636,12782.712503339999,19.5237,78.01734013806646
2019-09-11 09:40:00,15.986111111124046,86.51229,86.52701,76.24397,76.18404,17842.538370006,12779.43231204,19.50077,77.9946163715097
2019-09-11 09:45:00,16.06944444437977,86.61535,86.61535,76.27394,76.21402,17843.343162069,12780.577016783998,19.5296,77.99958176897408
2019-09-11 09:50:00,16.152777777810115,86.60063,86.63007,76.28892,76.22899,17844.26525508,12779.220816527999,19.49815,77.99847609134186
2019-09-11 09:55:00,16.23611111106584,86.68896,86.70367,76.30388,76.24395,17842.662308831998,12781.03403025,19.52305,77.99901164573646
2019-09-11 10:00:00,16.319444444496185,86.6448,86.67423,76.31886,76.25893,17841.0265544,12779.325071298,19.55253,77.99049261082632
2019-09-11 10:05:00,16.402777777751908,86.70367,86.7184,76.33388,76.27395,17841.40160065,12778.481507382,19.52436,77.98929928933822
2019-09-11 10:10:00,16.486111111182254,86.87502,86.88972,76.33392,76.27399,17840.784531984,12778.725157432,19.50863,77.98834818654986
2019-09-11 10:15:00,16.569444444437977,86.83081,86.84554,76.349,76.28908,17838.981174375,12777.855355091999,19.53353,77.98153960826184
2019-09-11 10:20:00,16.6527777776937,86.83076,86.8602,76.36401,76.28911,17839.179282510002,12778.8049731,19.52633,77.98446288387831
2019-09-11 10:25:00,16.736111111124046,86.63937,86.66882,76.43903,76.36414,17838.689979285,12777.110040029,19.55515,77.97889960143186
2019-09-11 10:30:00,16.81944444437977,86.9043,86.91902,76.43901,76.3791,17837.939804433,12779.531714707999,19.51912,77.98315693643897
2019-09-11 10:35:00,16.902777777810115,86.81488,86.82961,76.43906,76.37914,17837.125183232,12775.822594016,19.51846,77.97163489831897
2019-09-11 10:40:00,16.98611111106584,86.97679,86.99152,76.45412,76.37921,17837.53909475,12775.866590088,19.51781,77.97280119578514
2019-09-11 10:45:00,17.069444444496185,86.88852,86.90323,76.4691,76.40918,17838.643926594,12775.0695252,19.5106,77.9735850828156
2019-09-11 10:50:00,17.152777777751908,86.91798,86.9474,76.45407,76.39415,17835.3773488,12772.902948882998,19.49684,77.95974675820304
2019-09-11 10:55:00,17.236111111182254,87.07462,87.10404,76.54391,76.46902,17835.342408297,12772.032713812001,19.51781,77.95744126250598
2019-09-11 11:00:00,17.319444444437977,86.91275,86.94218,76.51384,76.45393,17832.867723264,12772.395549782,19.51322,77.9520623514224
2019-09-11 11:05:00,17.4027777776937,86.91278,86.92749,76.52866,76.45378,17831.7824235,12770.051143423,19.51519,77.94332683873746
2019-09-11 11:10:00,17.486111111124046,87.0294,87.04411,76.51363,76.4537,17828.47048905,12766.567865772,19.50798,77.92601933209514
2019-09-11 11:15:00,17.56944444437977,86.85281,86.88225,76.55866,76.49875,17826.514535943,12768.961489483001,19.52043,77.92713408565592
2019-09-11 11:20:00,17.652777777810115,86.84758,86.87701,76.55865,76.49873,17822.835296194,12768.250717512,19.52764,77.91595266028251
2019-09-11 11:25:00,17.73611111106584,87.02417,87.03889,76.60786,76.54795,17825.261992,12767.727846864,19.48898,77.92080173137525
2019-09-11 11:30:00,17.819444444496185,87.05251,87.06722,76.59283,76.53291,17826.408532185,12763.523759999998,19.50012,77.91301411434878
2019-09-11 11:35:00,17.902777777751908,86.93479,86.97894,76.57786,76.51794,17826.471066359998,12767.749948122,19.50929,77.92393755405004
2019-09-11 11:40:00,17.986111111182254,87.15443,87.18386,76.623,76.5631,17822.08217595,12768.245998815999,19.50732,77.9140224331913
2019-09-11 11:45:00,18.069444444437977,86.93372,86.96315,76.66817,76.60826,17822.845233903998,12766.187723359999,19.54795,77.9107234948821
2019-09-11 11:50:00,18.1527777776937,87.02094,87.05036,76.65331,76.5934,17822.799737116,12763.938576601999,19.51257,77.90487900352204
2019-09-11 11:55:00,18.236111111124046,87.13344,87.17757,76.63852,76.57863,17824.006684725,12764.691067310001,19.52829,77.90986972216078
2019-09-11 12:00:00,18.31944444437977,87.10401,87.14815,76.6879,76.62799,17820.325310710003,12766.076407935,19.52764,77.9040216908473
2019-09-11 12:05:00,18.402777777810115,87.13344,87.14815,76.73309,76.65823,17818.444170454,12762.54532243,19.51126,77.89023667105454
2019-09-11 12:10:00,18.48611111106584,87.19124,87.22066,76.7032,76.6433,17818.218561976,12761.712940823001,19.51715,77.88754195451716
2019-09-11 12:15:00,18.569444444496185,87.13133,87.16077,76.74834,76.68845,17820.865806903,12761.724544173,19.54205,77.89431408076297
2019-09-11 12:20:00,18.652777777751908,87.02834,87.05777,76.71838,76.65849,17818.786071365997,12758.723084016001,19.50732,77.88137219949161
2019-09-11 12:25:00,18.736111111182254,87.26271,87.27742,76.76762,76.69275,17816.325501663,12760.941365161,19.51584,77.88075508691814
2019-09-11 12:30:00,18.819444444437977,87.2764,87.2911,76.7226,76.6627,17815.647065476,12760.667480271,19.5355,77.87832951092128
2019-09-11 12:35:00,18.9027777776937,87.2764,87.32053,76.75264,76.70772,17817.904455105,12759.76174704,19.52698,77.88177219994095
2019-09-11 12:40:00,18.986111111124046,87.15768,87.20183,76.8018,76.74191,17811.47721056,12758.727234259999,19.51912,77.86276699266466
2019-09-11 12:45:00,19.06944444437977,87.24495,87.27438,76.84685,76.78696,17816.736434255,12755.60556505,19.50994,77.86821137584175
2019-09-11 12:50:00,19.152777777810115,87.20081,87.23024,76.81689,76.74202,17815.350342627004,12756.579981637,19.5237,77.86716283336793
2019-09-11 12:55:00,19.23611111106584,87.27336,87.28808,76.84706,76.7722,17808.052449828,12755.902436358,19.52436,77.84684927354688
2019-09-11 13:00:00,19.319444444496185,87.36063,87.37535,76.80215,76.74226,17807.599168920002,12754.505475312,19.52633,77.84213667967448
2019-09-11 13:05:00,19.402777777751908,87.1841,87.22824,76.83656,76.77666,17808.75865827,12751.828943921,19.51191,77.83827275095364
2019-09-11 13:10:00,19.486111111182254,87.30082,87.33025,76.88176,76.8069,17806.78678043,12753.046059104,19.50143,77.83635035920115
2019-09-11 13:15:00,19.569444444437977,87.18214,87.19686,76.91617,76.85628,17810.411708343,12755.125156432,19.50994,77.85087859662468
2019-09-11 13:20:00,19.6527777776937,87.09387,87.10858,76.96553,76.90565,17808.461654769002,12754.987641152,19.51453,77.8455615275958
2019-09-11 13:25:00,19.736111111124046,87.43126,87.46067,76.92062,76.86073,17807.95466368,12753.044884372,19.50208,77.83932198321006
2019-09-11 13:30:00,19.81944444437977,87.37145,87.40086,76.93581,76.87593,17803.040324625003,12751.425956340001,19.52436,77.82268165442802
2019-09-11 13:35:00,19.902777777810115,87.48817,87.50288,76.97012,76.91023,17804.313125872,12751.424363925,19.49946,77.82591944229638
2019-09-11 13:40:00,19.98611111106584,87.23811,87.25282,76.94006,76.88017,17800.616084327998,12750.266452296,19.49881,77.81355380410275
2019-09-11 13:45:00,20.069444444496185,87.47252,87.50194,76.95512,76.89523,17802.13701735,12748.69687868,19.51257,77.81342991578387
2019-09-11 13:50:00,20.152777777751908,87.37279,87.3875,76.98943,76.92955,17800.635587669,12748.116604295,19.48374,77.80812778445755
2019-09-11 13:55:00,20.236111111182254,87.3875,87.40221,76.9445,76.88461,17801.575959,12752.370161325001,19.5106,77.82135679751434
2019-09-11 14:00:00,20.319444444437977,87.50424,87.53365,76.96391,76.90403,17794.275997468,12745.606557719999,19.4726,77.78553668720645
2019-09-11 14:05:00,20.4027777776937,87.48862,87.51803,77.01326,76.93842,17795.45692484,12747.30160281,19.48898,77.79286183199211
2019-09-11 14:10:00,20.486111111124046,87.41832,87.43303,77.02856,76.95371,17809.054723768,12751.998941019001,19.51191,77.83945981934183
2019-09-11 14:15:00,20.56944444437977,87.44684,87.46156,77.03308,76.98817,17801.986527204,12746.16938725,19.51126,77.80660905673992
2019-09-11 14:20:00,20.652777777810115,87.50479,87.5195,77.06758,77.00771,17803.316065432,12747.590714328,19.50208,77.813615551732
2019-09-11 14:25:00,20.73611111106584,87.44596,87.46066,77.08708,77.04218,17796.99873757,12746.036063849999,19.50405,77.7935655054078
2019-09-11 14:30:00,20.819444444496185,87.56688,87.58159,77.02721,76.96733,17802.051947834,12745.97733288,19.48439,77.80628651871409
2019-09-11 14:35:00,20.902777777751908,87.47777,87.49248,77.05748,76.9976,17792.757950558,12746.243131919999,19.50601,77.78329156305776
2019-09-11 14:40:00,20.986111111182254,87.64284,87.67224,77.062,77.00212,17797.181499936,12744.466820358,19.49422,77.79003411728613
2019-09-11 14:45:00,21.069444444437977,87.5399,87.5546,77.08144,77.03653,17795.736135966,12743.090504956,19.50863,77.78284725781103
2019-09-11 14:50:00,21.1527777776937,87.50963,87.52433,77.11588,77.056,17791.661294154,12748.082765623,19.51257,77.78518393732753
2019-09-11 14:55:00,21.236111111124046,87.58647,87.61588,77.13537,77.06053,17797.14624554,12742.818905348,19.49684,77.78574705968711
2019-09-11 15:00:00,21.31944444437977,87.55622,87.57093,77.13995,77.08009,17794.174528133997,12744.356821385001,19.51191,77.78209514620026
2019-09-11 15:05:00,21.402777777810115,87.66249,87.67719,77.15959,77.1147,17793.647930028998,12741.446876292,19.53157,77.77334221938325
2019-09-11 15:10:00,21.48611111106584,87.48936,87.50407,77.25861,77.19875,17794.465754926,12739.781749629,19.50929,77.77118412913896
2019-09-11 15:15:00,21.569444444496185,87.48936,87.50407,77.27818,77.21832,17794.253880623997,12744.490138401,19.50339,77.7826368186062
2019-09-11 15:20:00,21.652777777751908,87.63977,87.63977,77.29776,77.23791,17796.814385749,12741.04403789,19.50405,77.78038119394023
2019-09-11 15:25:00,21.736111111182254,87.69777,87.71248,77.2874,77.24251,17793.885098626,12740.577159999999,19.48505,77.77173111096309
2019-09-11 15:30:00,21.819444444437977,87.73056,87.74526,77.32611,77.26625,17794.675627599998,12743.172565728,19.4857,77.78035513718541
2019-09-11 15:35:00,21.9027777776937,87.5869,87.6016,77.26628,77.20641,17790.22350658,12741.754205444,19.50405,77.76540293368501
2019-09-11 15:40:00,21.986111111124046,87.67513,87.68983,77.27087,77.21101,17790.01723911,12739.39308133,19.5047,77.75886374900126
2019-09-11 15:45:00,22.06944444437977,87.6819,87.69661,77.29041,77.23055,17792.43849568,12739.955759256,19.50012,77.76646387469893
2019-09-11 15:50:00,22.152777777810115,87.59367,87.60838,77.29497,77.23511,17790.159776662,12738.735135584002,19.49291,77.75755099663851
2019-09-11 15:55:00,22.23611111106584,87.74413,87.75882,77.29947,77.23961,17788.611197952,12739.371863049999,19.50601,77.75522849791031
2019-09-11 16:00:00,22.319444444496185,87.60051,87.6152,77.3231,77.26326,17789.401293819,12739.260676077001,19.50798,77.7569576889963
2019-09-11 16:05:00,22.402777777751908,87.69215,87.70686,77.31264,77.26775,17788.708202496004,12738.454413696,19.51977,77.75313881273381
2019-09-11 16:10:00,22.486111111182254,87.8573,87.8867,77.34718,77.27236,17791.223537295,12738.187833983999,19.5047,77.7588664255039
2019-09-11 16:15:00,22.569444444437977,87.69904,87.72844,77.34109,77.2962,17789.324629908,12738.291941596,19.48832,77.7542950436889
2019-09-11 16:20:00,22.6527777776937,87.77599,87.8054,77.44019,77.38033,17792.017695559,12738.912960934,19.48701,77.76273606761985
2019-09-11 16:25:00,22.736111111124046,87.8201,87.83481,77.38036,77.32051,17790.230397244,12738.41816133,19.50208,77.756923530159
2019-09-11 16:30:00,22.81944444437977,87.95587,87.98526,77.40421,77.3294,17791.953071516,12738.89790954,19.4975,77.76253313309263
2019-09-11 16:35:00,22.902777777810115,87.6947,87.72411,77.40894,77.34909,17792.86426518,12738.892056847999,19.48832,77.76483905006086
2019-09-11 16:40:00,22.98611111106584,87.65059,87.67999,77.43278,77.37292,17790.376821512,12739.966966503,19.48636,77.76124130484716
2019-09-11 16:45:00,23.069444444496185,87.8928,87.9075,77.4524,77.40752,17790.504231742,12738.199586984001,19.48636,77.75706427859093
2019-09-11 16:50:00,23.152777777751908,87.76048,87.76048,77.40751,77.34766,17791.286205252,12739.707428149,19.49225,77.76289647074448
2019-09-11 16:55:00,23.236111111182254,87.88577,87.91518,77.43134,77.38644,17793.422717994003,12739.44671819,19.50601,77.76767416842985
2019-09-11 17:00:00,23.319444444437977,87.84515,87.85986,77.46594,77.39114,17790.978895271997,12739.864884336,19.48832,77.76251479089707
2019-09-11 17:05:00,23.4027777776937,87.84515,87.85986,77.48975,77.42989,17791.020847752,12740.751728506,19.51584,77.76488044982727
2019-09-11 17:10:00,23.486111111124046,87.77518,87.78989,77.51352,77.45368,17787.693196889002,12738.002029056,19.4916,77.74940134787335
2019-09-11 17:15:00,23.56944444437977,87.92989,87.94458,77.46867,77.39388,17789.327754555,12737.636403882,19.49225,77.75263333786977
2019-09-11 17:20:00,23.652777777810115,87.81229,87.84169,77.48852,77.42867,17790.397936896,12736.031096658,19.48963,77.75127036680581
2019-09-11 17:25:00,23.73611111106584,87.85992,87.88933,77.5125,77.46762,17788.459943975,12740.153076548,19.52108,77.75683301421269
2019-09-11 17:30:00,23.819444444496185,88.04402,88.05872,77.55138,77.49154,17791.189605136,12735.682851124999,19.48636,77.7523997710588
2019-09-11 17:35:00,23.902777777751908,87.67651,87.70592,77.57103,77.5112,17789.876738775,12739.744891722,19.51388,77.75940195887034
2019-09-11 17:40:00,23.986111111182254,88.01122,88.02591,77.51114,77.4513,17789.5595025,12738.506837517001,19.48898,77.7554406108045
2019-09-11 17:45:00,24.069444444437977,88.11409,88.1288,77.57983,77.52,17793.36788823,12738.592143584001,19.48112,77.76535790192625
2019-09-11 17:50:00,24.1527777776937,88.03725,88.05194,77.60377,77.54393,17794.907629524998,12740.39836803,19.49487,77.77388012660836
2019-09-11 17:55:00,24.236111111124046,88.17645,88.20584,77.58891,77.51412,17789.973516925,12736.552391505002,19.51519,77.7515171085609
2019-09-11 18:00:00,24.31944444437977,87.96375,87.99315,77.6429,77.58307,17790.013830066,12739.764905352,19.48767,77.75980210744898
2019-09-11 18:05:00,24.402777777810115,88.06664,88.08133,77.64301,77.58318,17791.61520087,12740.445554824,19.49094,77.76561444715196
2019-09-11 18:10:00,24.48611111106584,88.34584,88.34584,77.65816,77.59831,17793.289390708003,12740.6569608,19.49356,77.77041708783345
2019-09-11 18:15:00,24.569444444496185,88.05531,88.0847,77.67319,77.61336,17791.099032333,12736.641428055,19.51191,77.75461059052554
2019-09-11 18:20:00,24.652777777751908,87.93772,87.96712,77.71808,77.65825,17786.93869888,12740.90866015,19.46998,77.75488286296222
2019-09-11 18:25:00,24.736111111182254,88.19453,88.20923,77.66425,77.60442,17789.948573892,12739.671722284,19.49553,77.75939856033483
2019-09-11 18:30:00,24.819444444437977,87.94113,87.94113,77.70905,77.64922,17786.800655689,12740.187212292,19.50274,77.7526937264322
2019-09-11 18:35:00,24.9027777776937,88.12106,88.13576,77.76876,77.69398,17789.65501084,12737.858444824,19.49881,77.7540324061054
2019-09-11 18:40:00,24.986111111124046,87.99993,87.99993,77.74481,77.65506,17790.983899678,12742.825138296,19.50667,77.77006734821289
2019-09-11 18:45:00,25.06944444437977,87.85638,87.85638,77.7208,77.63106,17794.021488279,12745.800994927002,19.51584,77.7853836829717
2019-09-11 18:50:00,25.152777777810115,88.33022,88.34491,77.78056,77.72073,17793.096638854,12745.45313103,19.53943,77.78214206314485
2019-09-11 18:55:00,25.23611111106584,88.12796,88.12796,77.77577,77.71594,17797.59933073,12746.30006384,19.51781,77.79576763706523
2019-09-11 19:00:00,25.319444444496185,88.02156,88.03625,77.73693,77.67711,17799.564384195997,12744.765287332,19.49684,77.79686355889929
2019-09-11 19:05:00,25.402777777751908,88.13564,88.15034,77.7818,77.72198,17799.989277377997,12751.075402995,19.5165,77.81401772695003
2019-09-11 19:10:00,25.486111111182254,88.06918,88.05449,77.743,77.69812,17809.072142446,12749.715053749998,19.50667,77.83368709001263
2019-09-11 19:15:00,25.569444444437977,88.05449,88.05449,77.78784,77.72802,17803.444973510002,12747.604809429,19.51846,77.81397978296329
2019-09-11 19:20:00,25.6527777776937,88.24205,88.24205,77.75319,77.69336,17805.114289240002,12749.643262599999,19.49881,77.82342352569397
2019-09-11 19:25:00,25.736111111124046,88.06221,88.0769,77.75316,77.70828,17807.636083976002,12750.522525992,19.50863,77.83208607150804
2019-09-11 19:30:00,25.81944444437977,88.0916,88.10631,77.76807,77.7232,17804.785163858,12752.135783551,19.50143,77.82893372649771
2019-09-11 19:35:00,25.902777777810115,88.32672,88.34141,77.78299,77.73812,17810.98838032,12758.39926494,19.50077,77.86068659199431
2019-09-11 19:40:00,25.98611111106584,88.31203,88.32672,77.78296,77.72314,17811.438914649,12756.359128484999,19.52829,77.85663785165397
2019-09-11 19:45:00,26.069444444496185,88.121,88.15039,77.76804,77.70821,17809.559810953,12753.815826568,19.49815,77.84537391855162
2019-09-11 19:50:00,26.152777777751908,88.0916,88.10631,77.83258,77.77277,17813.661392373,12751.048182319999,19.52108,77.84877147643822
2019-09-11 19:55:00,26.236111111182254,88.34141,88.3708,77.83258,77.77277,17810.417885894,12752.173263518001,19.5427,77.84337581562922
2019-09-11 20:00:00,26.319444444437977,88.47363,88.50301,77.88635,77.84149,17812.48204737,12756.233785412,19.50798,77.85897547558578
2019-09-11 20:05:00,26.4027777776937,88.22386,88.25325,77.87144,77.81161,17813.102912064,12753.172820258,19.49356,77.85276050329476
2019-09-11 20:10:00,26.486111111124046,88.25325,88.28264,77.85652,77.79671,17811.402593985,12755.422001559999,19.52174,77.85415846611572
2019-09-11 20:15:00,26.56944444437977,88.28264,88.31203,77.9103,77.85049,17813.503369374,12756.057817842,19.52239,77.86112860594643
2019-09-11 20:20:00,26.652777777810115,88.24205,88.25674,77.95987,77.91502,17815.638541784003,12754.030999336,19.53091,77.86140458495714
2019-09-11 20:25:00,26.73611111106584,88.30083,88.31551,77.94483,77.88502,17819.060200523,12748.249658781,19.49029,77.85539444015264
2019-09-11 20:30:00,26.819444444496185,88.21266,88.22735,77.89989,77.85503,17815.587887584003,12755.846536739999,19.52764,77.86589976881926
2019-09-11 20:35:00,26.902777777751908,88.33369,88.34838,77.89977,77.83994,17814.307236628,12750.562130304,19.52305,77.8491784696559
2019-09-11 20:40:00,26.986111111182254,88.24553,88.28962,77.95343,77.89362,17811.35820072,12757.015156185,19.49815,77.85810318441548
2019-09-11 20:45:00,27.069444444437977,88.319,88.319,77.92342,77.87856,17819.012155104,12758.40439288,19.51846,77.88113632706671
2019-09-11 20:50:00,27.1527777776937,88.29728,88.32667,77.97717,77.91736,17813.38008138,12752.776600356001,19.5237,77.85245727967535
2019-09-11 20:55:00,27.236111111124046,88.37074,88.40013,77.9472,77.90235,17816.239623276,12755.131902002,19.48832,77.86573956401031
2019-09-11 21:00:00,27.31944444437977,88.34136,88.37074,77.93216,77.88729,17815.15084097,12756.941403251,19.52174,77.86757524591512
2019-09-11 21:05:00,27.402777777810115,88.44769,88.46239,78.00082,77.94101,17817.222435389,12754.590068682,19.51715,77.86686274357784
2019-09-11 21:10:00,27.48611111106584,88.40361,88.41831,78.0695,78.0097,17813.972965932,12754.612229039998,19.50012,77.8586427391339
2019-09-11 21:15:00,27.569444444496185,88.40361,88.41831,78.03962,77.99477,17816.123163472,12757.275300105,19.52829,77.87090220611067
2019-09-11 21:20:00,27.652777777751908,88.39246,88.40714,78.02473,77.96492,17815.56041358,12757.56823015,19.50863,77.87021497093319
2019-09-11 21:25:00,27.736111111182254,88.2973,88.31198,78.00992,77.95012,17815.020918642,12755.534173847998,19.50208,77.8636600975137
2019-09-11 21:30:00,27.819444444437977,88.44421,88.45891,77.98015,77.93529,17815.699418186996,12755.51988967,19.52239,77.8653518639671
2019-09-11 21:35:00,27.9027777776937,88.37076,88.38545,78.04912,77.9893,17816.68368711,12755.860631612,19.5237,77.86872668641655
2019-09-11 21:40:00,27.986111111124046,88.38545,88.40015,78.03433,77.97452,17815.000597834,12758.042410687001,19.5296,77.86999685677775
2019-09-11 21:45:00,28.06944444437977,88.64642,88.6611,78.09906,78.03926,17812.664204544,12758.597377095999,19.51715,77.86545953592336
2019-09-11 21:50:00,28.152777777810115,88.5436,88.55829,78.0692,78.02435,17812.533464699998,12750.790657917,19.50798,77.84524270932225
2019-09-11 21:55:00,28.23611111106584,88.54715,88.56184,78.08415,78.0094,17810.589599392002,12754.161214527,19.50798,77.84887651336236
2019-09-11 22:00:00,28.319444444496185,88.56184,88.59121,78.06914,78.00934,17812.660221664002,12754.01198016,19.52108,77.85377031703382
2019-09-11 22:05:00,28.402777777751908,88.51776,88.54715,78.15277,78.09297,17811.622788438,12755.838267024,19.52174,77.85577953902374
2019-09-11 22:10:00,28.486111111182254,88.4737,88.50308,78.13774,78.0929,17813.010179184,12751.52224095,19.5296,77.84832026113234
2019-09-11 22:15:00,28.569444444437977,88.62059,88.64996,78.15266,78.09287,17812.194412115998,12752.643419505,19.50994,77.84909814874811
2019-09-11 22:20:00,28.6527777776937,88.5436,88.5436,78.13767,78.09282,17813.252268559998,12752.790701068,19.51584,77.85216765323906
2019-09-11 22:25:00,28.736111111124046,88.62059,88.63528,78.13756,78.07775,17808.873922019997,12752.59546809,19.47849,77.84051867794433
2019-09-11 22:30:00,28.81944444437977,88.67238,88.68707,78.1524,78.09261,17807.241477912,12755.16132384,19.52305,77.84289609132804
2019-09-11 22:35:00,28.902777777810115,88.58426,88.59894,78.15234,78.09255,17813.676147772,12753.132424926,19.50536,77.85411765568527
2019-09-11 22:40:00,28.98611111106584,88.56956,88.58426,78.15239,78.09259,17813.631154110004,12754.193824878,19.50339,77.85670645767617
2019-09-11 22:45:00,29.069444444496185,88.59894,88.61363,78.1375,78.09264,17815.24070304,12753.716518199999,19.52501,77.85959029559112
2019-09-11 22:50:00,29.152777777751908,88.62832,88.64301,78.23623,78.17644,17813.05868166,12756.087221032001,19.51715,77.86007087006553
2019-09-11 22:55:00,29.236111111182254,88.88154,88.88154,78.22137,78.16158,17816.976930110002,12757.90795045,19.50732,77.87468813235171
2019-09-11 23:00:00,29.319444444437977,88.47031,88.485,78.22155,78.1767,17811.683302949998,12754.294074844,19.53419,77.85200058985889
2019-09-11 23:05:00,29.4027777776937,88.55844,88.57314,78.20671,78.16187,17815.324125191997,12753.929001597002,19.51846,77.86034397144094
2019-09-11 23:10:00,29.486111111124046,88.66126,88.67595,78.2218,78.16202,17817.046459674,12756.413683457999,19.52698,77.87105930485784
2019-09-11 23:15:00,29.56944444437977,88.55844,88.57314,78.20693,78.16209,17816.716110292,12753.869348267,19.48308,77.86373744034466
2019-09-11 23:20:00,29.652777777810115,88.72775,88.75713,78.20697,78.16212,17815.552143116,12753.773255311,19.53681,77.86052804838161
2019-09-11 23:25:00,29.73611111106584,88.81587,88.84523,78.20691,78.14713,17815.917399590002,12755.90929248,19.53091,77.86689888062307
2019-09-11 23:30:00,29.819444444496185,88.82363,88.83832,78.20689,78.14708,17812.610482696,12756.011530725,19.51715,77.85873651627304
2019-09-11 23:35:00,29.902777777751908,88.82363,88.83832,78.29059,78.23079,17813.077187191,12753.22148196,19.51257,77.85281892374057
2019-09-11 23:40:00,29.986111111182254,88.79427,88.80895,78.29063,78.23085,17811.275322307,12757.549163774998,19.51322,77.85925221716258
2019-09-11 23:45:00,30.069444444437977,88.63272,88.66209,78.29076,78.23097,17816.378200867002,12754.063355171998,19.50863,77.86337091847844
2019-09-11 23:50:00,30.1527777776937,88.6474,88.67678,78.29079,78.231,17813.659066531,12752.750501204999,19.53157,77.85310138409176
2019-09-11 23:55:00,30.236111111124046,88.68036,88.69505,78.29074,78.23095,17814.726314583,12756.372064860001,19.52567,77.86504385749176
2019-09-12 00:00:00,30.31944444437977,88.94469,88.97404,78.2906,78.23081,17814.336826684998,12757.131243541999,19.54336,77.86598546543637
2019-09-12 00:05:00,30.402777777810115,88.76848,88.78316,78.2905,78.23071,17815.938930967997,12756.005210834,19.49356,77.86719802684344
2019-09-12 00:10:00,30.48611111106584,88.93777,88.95245,78.3741,78.31432,17814.43466068,12754.905518702,19.52633,77.8605656956946
2019-09-12 00:15:00,30.569444444496185,88.96713,88.98183,78.37404,78.31425,17822.718578808,12755.1389548,19.50012,77.8822595240329
2019-09-12 00:20:00,30.652777777751908,88.82031,88.83499,78.37395,78.31418,17812.409584668,12749.565611094,19.54008,77.84180697248932
2019-09-12 00:25:00,30.736111111182254,88.74688,88.77625,78.35899,78.3291,17809.873804608,12752.553333078,19.51584,77.84295807531515
2019-09-12 00:30:00,30.819444444437977,88.84279,88.85747,78.37402,78.31424,17812.509159026,12752.810149215002,19.51388,77.85032447688548
2019-09-12 00:35:00,30.9027777776937,88.97493,88.98961,78.37421,78.31442,17806.738714182,12750.608397142,19.52501,77.83001917234985
2019-09-12 00:40:00,30.986111111124046,88.78404,88.79873,78.37433,78.32949,17812.693096665,12754.01198016,19.50667,77.85385405015202
2019-09-12 00:45:00,31.06944444437977,88.8281,88.84279,78.37448,78.32964,17811.59362635,12751.841724426,19.51257,77.84552600910335
2019-09-12 00:50:00,31.152777777810115,89.01209,89.02677,78.37456,78.32971,17806.674864433,12749.581627545002,19.50994,77.8272413485977
2019-09-12 00:55:00,31.23611111106584,88.89464,88.90932,78.37454,78.32971,17812.060541839997,12751.943679892,19.51781,77.84697493191888
2019-09-12 01:00:00,31.319444444496185,88.87995,88.87995,78.38947,78.32968,17812.34335508,12754.997662792,19.53091,77.8554738014904
2019-09-12 01:05:00,31.402777777751908,88.86526,88.89464,78.40437,78.34459,17808.672406888,12751.899165556,19.50601,77.83823192294878
2019-09-12 01:10:00,31.486111111182254,88.77716,88.79184,78.38929,78.34445,17808.189245909998,12751.889216443999,19.5545,77.83697596418969
2019-09-12 01:15:00,31.569444444437977,88.77716,88.80653,78.4878,78.42802,17807.760210800003,12749.126882855999,19.50405,77.82884750048352
2019-09-12 01:20:00,31.6527777776937,88.94232,88.957,78.48775,78.42796,17810.89878085,12751.129831559,19.51715,77.8419430254865
2019-09-12 01:25:00,31.736111111124046,88.957,88.97169,78.48767,78.42789,17806.501696056002,12747.328072884,19.49946,77.82106044880017
2019-09-12 01:30:00,31.81944444437977,88.89827,88.91296,78.48764,78.44282,17806.956753712002,12748.593427752,19.51519,77.82544236517658
2019-09-12 01:35:00,31.902777777810115,88.82486,88.83955,78.50259,78.45776,17806.992677248003,12749.801112230001,19.50863,77.82860985334958
2019-09-12 01:40:00,31.98611111106584,88.99419,89.00887,78.51749,78.45773,17804.295192407997,12748.509229977999,19.50208,77.81844887582344
2019-09-12 01:45:00,32.069444444496185,88.90608,88.90608,78.5174,78.45763,17808.714953505,12750.833708095,19.55384,77.83562655376178
2019-09-12 01:50:00,32.15277777775191,89.00887,89.02354,78.51727,78.47243,17806.827783948003,12750.674018635,19.52895,77.83041317329537
2019-09-12 01:55:00,32.236111111182254,88.84735,88.86204,78.54706,78.47234,17806.238174256,12749.954729304,19.52633,77.82707938794796
2019-09-12 02:00:00,32.31944444443798,88.95013,88.96481,78.53201,78.48719,17805.451917634,12752.916179639999,19.49553,77.8326196388031
2019-09-12 02:05:00,32.4027777776937,89.09695,89.1263,78.54693,78.48714,17805.803921389,12749.856632219,19.53615,77.82572348467471
2019-09-12 02:10:00,32.486111111124046,88.9795,88.99419,78.54695,78.48718,17808.030361881,12751.69909108,19.51191,77.83608703205664
2019-09-12 02:15:00,32.56944444437977,88.9795,88.9795,78.56204,78.51721,17804.12913124,12752.463304416,19.53222,77.82809700215964
2019-09-12 02:20:00,32.652777777810115,89.06071,89.07539,78.57709,78.51733,17807.875784823,12748.636717299,19.50601,77.82789341025551
2019-09-12 02:25:00,32.73611111106584,89.11943,89.13411,78.57718,78.51741,17807.865914244,12750.96243039,19.53812,77.83379189569838
2019-09-12 02:30:00,32.819444444496185,89.11943,89.13411,78.59212,78.54729,17808.424143104,12750.533447036,19.51257,77.8341210859312
2019-09-12 02:35:00,32.90277777775191,88.9139,88.9139,78.60701,78.56218,17805.846440954003,12749.77357836,19.51519,77.8256202432229
2019-09-12 02:40:00,32.986111111182254,89.07539,89.07539,78.60699,78.56218,17805.41497131,12746.71679327,19.5237,77.8167356063519
2019-09-12 02:45:00,33.06944444443798,88.95795,88.97263,78.62199,78.56223,17805.38772396,12747.212228625,19.5106,77.81792808818851
2019-09-12 02:50:00,33.1527777776937,89.09792,89.11259,78.55334,78.50851,17804.756147213,12748.369986050999,19.50405,77.81926827823136
2019-09-12 02:55:00,33.236111111124046,88.98731,89.00199,78.5833,78.52352,17805.470220264,12749.41969662,19.51912,77.82376066143664
2019-09-12 03:00:00,33.31944444437977,88.94326,88.95795,78.58339,78.53856,17806.768716463997,12747.330979389999,19.52567,77.82174795667888
2019-09-12 03:05:00,33.402777777810115,89.15663,89.17131,78.6133,78.55353,17803.907077167998,12748.478269919,19.51191,77.81738148478203
2019-09-12 03:10:00,33.48611111106584,89.08324,89.09792,78.6132,78.56837,17801.828843268,12747.27546202,19.5106,77.8090246223492
2019-09-12 03:15:00,33.569444444496185,89.08324,89.09792,78.62796,78.5682,17803.396417341002,12746.87247393,19.53353,77.8119908402298
2019-09-12 03:20:00,33.65277777775191,89.00983,89.02451,78.64282,78.58305,17804.464599644,12747.12099756,19.4857,77.81534450989346
2019-09-12 03:25:00,33.736111111182254,89.15663,89.18599,78.6428,78.61292,17805.435409110003,12746.205385698,19.51388,77.81548509901471
2019-09-12 03:30:00,33.81944444443798,89.24471,89.24471,78.67271,78.61295,17806.25532984,12746.183881184,19.50863,77.81751867703352
2019-09-12 03:35:00,33.9027777776937,89.23002,89.24471,78.67285,78.6131,17800.761621968,12745.34034385,19.54402,77.80137761890809
2019-09-12 03:40:00,33.986111111124046,89.24471,89.24471,78.70293,78.64317,17801.043648067,12745.018116359,19.4975,77.80127522536263
2019-09-12 03:45:00,34.06944444437977,89.14195,89.14195,78.70305,78.65823,17796.31504399,12748.85685888,19.50732,77.79900873469798
2019-09-12 03:50:00,34.152777777810115,89.18599,89.18599,78.71812,78.65836,17802.63438074,12744.232887528,19.50929,77.80332685567065
2019-09-12 03:55:00,34.23611111106584,89.00983,89.02451,78.73312,78.67336,17795.418055107002,12747.722957616,19.49946,77.7938360271818
2019-09-12 04:00:00,34.319444444496185,89.11259,89.11259,78.74814,78.68839,17799.73124475,12745.394768702,19.51781,77.79889185366542
2019-09-12 04:05:00,34.40277777775191,89.14195,89.15663,78.76311,78.71829,17795.959347102,12745.243086462,19.5047,77.7888984371298
2019-09-12 04:10:00,34.486111111182254,88.99515,89.00983,78.77808,78.73326,17798.060354085,12743.996076876001,19.52174,77.79107358124618
2019-09-12 04:15:00,34.56944444443798,89.18599,89.20067,78.79301,78.74818,17800.455985935,12743.074781532,19.50929,77.794828738332
2019-09-12 04:20:00,34.6527777776937,89.17131,89.18599,78.73917,78.67941,17797.118486715,12743.996076876001,19.51257,77.78867463099708
2019-09-12 04:25:00,34.736111111124046,89.11259,89.12727,78.769,78.70924,17801.4287685,12743.170796096,19.50536,77.79755098057174
2019-09-12 04:30:00,34.81944444437977,89.17131,89.18599,78.76897,78.70922,17803.814164288,12744.65525265,19.52698,77.80740755224582
2019-09-12 04:35:00,34.902777777810115,89.21535,89.21535,78.81378,78.75403,17802.931664674,12744.831877725,19.51781,77.80560967925955
2019-09-12 04:40:00,34.98611111106584,89.23002,89.24471,78.76007,78.70032,17802.17543,12743.944553215999,19.51126,77.8014235094897
2019-09-12 04:45:00,35.069444444496185,89.09792,89.11259,78.80495,78.7452,17803.158421248,12744.66004735,19.51846,77.80574957710819
2019-09-12 04:50:00,35.15277777775191,89.14195,89.15663,78.83487,78.77512,17801.10024078,12744.119619396,19.52501,77.79913088267216
2019-09-12 04:55:00,35.236111111182254,89.42081,89.43549,78.78111,78.72136,17799.493195553998,12744.425457074,19.5106,77.79581668762637
2019-09-12 05:00:00,35.31944444443798,89.15663,89.15663,78.82587,78.76611,17799.727882842,12743.381965204002,19.53222,77.79375665028431
2019-09-12 05:05:00,35.4027777776937,89.34743,89.34743,78.87062,78.81087,17802.261929288,12742.464237875001,19.51126,77.7978734391995
2019-09-12 05:10:00,35.486111111124046,89.25938,89.25938,78.81674,78.75699,17804.917688838003,12742.715755884,19.51781,77.80527831853448
2019-09-12 05:15:00,35.56944444437977,89.31808,89.33276,78.84641,78.80159,17800.970912353998,12744.493463704,19.52108,77.7997536682731
2019-09-12 05:20:00,35.652777777810115,89.31025,89.31025,78.87612,78.81636,17805.280825348,12742.677780352,19.50339,77.80610650839857
2019-09-12 05:25:00,35.73611111106584,89.23686,89.25154,78.85621,78.79646,17800.009239258,12743.958727566,19.52108,77.79594229161962
2019-09-12 05:30:00,35.819444444496185,89.13411,89.13411,78.88597,78.82623,17797.663176079,12744.200224764,19.50667,77.7905819306546
2019-09-12 05:35:00,35.90277777775191,89.23686,89.23686,78.83206,78.77231,17795.468629535997,12745.665607221,19.52567,77.7887247388445
2019-09-12 05:40:00,35.986111111182254,89.36896,89.3983,78.84679,78.80198,17798.977595880002,12742.654328292,19.50929,77.78999235611869
2019-09-12 05:45:00,36.06944444443798,89.29557,89.31025,78.8616,78.81679,17796.488852196,12741.412579121,19.53877,77.78049073513799
2019-09-12 05:50:00,36.1527777776937,89.26622,89.2809,78.89137,78.83162,17796.504388768,12740.27798092,19.55515,77.77764046846653
2019-09-12 05:55:00,36.236111111124046,89.25154,89.26622,78.93617,78.87643,17794.72509378,12739.6153524,19.53484,77.77142085284503
2019-09-12 06:00:00,36.31944444437977,89.36896,89.38363,78.93628,78.87653,17793.238383597,12738.479090428,19.53353,77.7647401036174
2019-09-12 06:05:00,36.402777777810115,89.16348,89.17815,78.95141,78.89166,17798.808887888,12745.020887949,19.50929,77.7955903171132
2019-09-12 06:10:00,36.48611111106584,89.32493,89.3396,78.96649,78.90675,17797.235413422,12741.743132135001,19.51977,77.78323416118361
2019-09-12 06:15:00,36.569444444496185,89.41298,89.42766,78.98157,78.92183,17796.053584456,12743.418201624,19.53288,77.78449045215748
2019-09-12 06:20:00,36.65277777775191,89.47854,89.47854,78.99652,78.95171,17790.629816432,12741.336094885,19.51453,77.76537287710815
2019-09-12 06:25:00,36.736111111182254,89.28777,89.30243,78.92774,78.86799,17796.229842685,12742.332122195,19.53288,77.78217312398166
2019-09-12 06:30:00,36.81944444443798,89.56657,89.58124,78.95749,78.89775,17793.503036315,12740.965193614998,19.54008,77.77174631996348
2019-09-12 06:35:00,36.9027777776937,89.49321,89.49321,78.95733,78.91252,17790.590451834,12739.393173798,19.53419,77.7603239658821
2019-09-12 06:40:00,36.986111111124046,89.44138,89.45605,78.98714,78.9274,17795.896160728,12739.422382544,19.54074,77.7739120807368
2019-09-12 06:45:00,37.06944444437977,89.41203,89.42671,79.00208,78.94234,17795.042756638,12738.294885839001,19.54533,77.76886669684626
2019-09-12 06:50:00,37.152777777810115,89.54409,89.54409,79.01704,78.95731,17794.781135859,12740.84764416,19.51519,77.77470225836181
2019-09-12 06:55:00,37.23611111106584,89.61382,89.62848,78.94841,78.88866,17795.795259336,12740.9851828,19.52239,77.7776355589628
2019-09-12 07:00:00,37.319444444496185,89.3497,89.36436,78.96341,78.90367,17793.919156494,12738.396031600001,19.50798,77.76626249027225
2019-09-12 07:05:00,37.40277777775191,89.43774,89.42307,78.96349,78.90375,17791.972731359998,12739.421235054,19.56236,77.7639161249037
2019-09-12 07:10:00,37.486111111182254,89.51111,89.51111,78.99342,78.93369,17790.799504014,12738.641717376002,19.55712,77.75894245418215
2019-09-12 07:15:00,37.56944444443798,89.64316,89.65782,78.99353,78.94872,17790.643299800002,12740.97404814,19.53812,77.76448508098449
2019-09-12 07:20:00,37.6527777776937,89.32722,89.3419,79.02344,78.9637,17790.277487697,12734.903769448001,19.54402,77.74809226166856
2019-09-12 07:25:00,37.736111111124046,89.35657,89.37125,79.02343,78.96368,17790.672858528,12737.606569688,19.53288,77.75598334962777
2019-09-12 07:30:00,37.81944444437977,89.29787,89.29787,79.05327,78.99353,17785.955346453997,12739.079742081001,19.53419,77.74771996803727
2019-09-12 07:35:00,37.902777777810115,89.40749,89.42216,79.05319,78.99345,17792.978399472002,12734.931209209999,19.52239,77.75504141375497
2019-09-12 07:40:00,37.98611111106584,89.6207,89.6207,79.06802,79.00828,17786.3134592,12738.600723744,19.54598,77.74741201969243
2019-09-12 07:45:00,38.069444444496185,89.46619,89.45151,79.08287,79.02313,17788.383791277003,12736.328829938,19.53943,77.74689863896029
2019-09-12 07:50:00,38.15277777775191,89.29008,89.30476,79.08283,79.02309,17783.815692648,12738.797828233,19.53877,77.74155219907973
2019-09-12 07:55:00,38.236111111182254,89.45151,89.45151,79.08287,79.03806,17787.23256696,12735.788502360001,19.52239,77.74259023103669
2019-09-12 08:00:00,38.31944444443798,89.40749,89.42216,79.11277,79.05304,17788.396992985003,12735.261047971,19.53288,77.74421260730062
2019-09-12 08:05:00,38.4027777776937,89.43684,89.43684,79.11279,79.05305,17786.047191471,12737.455151315999,19.54664,77.7438160417403
2019-09-12 08:10:00,38.486111111124046,89.51711,89.53178,79.11281,79.05307,17789.04825291,12738.072702352,19.50798,77.75303270172328
2019-09-12 08:15:00,38.56944444437977,89.47308,89.47308,79.11279,79.06799,17791.343449945998,12740.429557944,19.55647,77.76488154920042
2019-09-12 08:20:00,38.652777777810115,89.57579,89.59047,79.12768,79.08287,17785.085989624,12736.362160032,19.52633,77.73858398117606
2019-09-12 08:25:00,38.73611111106584,89.51353,89.5282,79.14255,79.08281,17787.343003038,12737.25801159,19.54402,77.74661437531744
2019-09-12 08:30:00,38.819444444496185,89.5282,89.54288,79.14259,79.08286,17787.042099463997,12738.820025976,19.52239,77.74982644337814
2019-09-12 08:35:00,38.90277777775191,89.48418,89.49885,79.14262,79.08289,17784.706630329998,12736.059252252,19.56236,77.73684623675548
2019-09-12 08:40:00,38.986111111182254,89.66715,89.66715,79.14261,79.08287,17786.881412675997,12737.286715725,19.53222,77.74551180763626
2019-09-12 08:45:00,39.06944444443798,89.6378,89.6378,79.14256,79.09776,17790.660243782997,12738.320046216,19.54402,77.75776845504969
2019-09-12 08:50:00,39.1527777776937,89.65941,89.65941,79.15746,79.11266,17788.00199006,12734.051310744999,19.54074,77.74012531018467
2019-09-12 08:55:00,39.236111111124046,89.70342,89.68875,79.15744,79.0977,17790.942348160002,12736.96622184,19.51846,77.75503876821642
2019-09-12 09:00:00,39.31944444437977,89.64474,89.65941,79.17241,79.11267,17788.820619352,12734.434812524001,19.51584,77.74318715596476
2019-09-12 09:05:00,39.402777777810115,89.40642,89.42109,79.17259,79.11285,17781.172500067998,12737.677351896,19.53288,77.73196607817397
2019-09-12 09:10:00,39.48611111106584,89.61183,89.6265,79.17277,79.12798,17786.954030039997,12737.08434985,19.51519,77.74518133624221
2019-09-12 09:15:00,39.569444444496185,89.63345,89.64812,79.18793,79.12819,17785.146573615,12735.69552416,19.51977,77.7370403579896
2019-09-12 09:20:00,39.65277777775191,89.61879,89.60411,79.20293,79.1432,17784.491553317,12735.79551104,19.50929,77.73562667958987
2019-09-12 09:25:00,39.736111111182254,89.72148,89.75081,79.20297,79.14325,17786.438205431998,12735.86628825,19.49684,77.74076510219153
2019-09-12 09:30:00,39.81944444443798,89.61524,89.62991,79.203,79.14328,17785.320310695,12737.535787675999,19.52764,77.74217004756731
2019-09-12 09:35:00,39.9027777776937,89.77661,89.79128,79.23293,79.1732,17784.7828524,12735.161064745,19.53877,77.73475267851931
2019-09-12 09:40:00,39.986111111124046,89.62222,89.63689,79.23305,79.17331,17784.619568870003,12735.782048646,19.51388,77.7359184481956
2019-09-12 09:45:00,40.06944444437977,89.6809,89.69556,79.24803,79.17338,17783.579235006,12738.204851771,19.50339,77.73943961803724
2019-09-12 09:50:00,40.152777777810115,89.84225,89.82759,79.24812,79.18839,17780.281061663998,12737.132923662002,19.5355,77.72830890441614
2019-09-12 09:55:00,40.23611111106584,89.63335,89.63335,79.26311,79.20338,17783.758733342,12733.48347614,19.52829,77.72787138877766
2019-09-12 10:00:00,40.319444444496185,89.64804,89.6627,79.26309,79.20337,17784.361668084002,12734.986250558999,19.54401,77.73323466143923
2019-09-12 10:05:00,40.40277777775191,89.68436,89.69903,79.26299,79.20328,17785.81531686,12731.901994422,19.52305,77.72908148015334
2019-09-12 10:10:00,40.486111111182254,89.78704,89.80171,79.26292,79.2032,17782.358644903998,12728.956003625,19.50863,77.71277380255931
2019-09-12 10:15:00,40.56944444443798,89.66969,89.68436,79.26286,79.21807,17782.118462493003,12731.527748073,19.51977,77.71871232586699
2019-09-12 10:20:00,40.6527777776937,89.69903,89.7137,79.26283,79.20311,17781.235114020998,12730.891118296,19.53157,77.71484091858052
2019-09-12 10:25:00,40.736111111124046,89.77237,89.77237,79.26283,79.21804,17784.704523366003,12731.382829346001,19.50536,77.7249299513478
2019-09-12 10:30:00,40.81944444437977,89.72485,89.73952,79.26289,79.20317,17781.876884772,12733.136771324,19.51715,77.72219523004152
2019-09-12 10:35:00,40.902777777810115,89.67735,89.69203,79.26289,79.20317,17781.608409515997,12731.061205941,19.52633,77.7162249235483
2019-09-12 10:40:00,40.98611111106584,89.39857,89.41325,79.2628,79.20307,17782.807419572997,12731.761019139,19.52501,77.72106125471943
2019-09-12 10:45:00,41.069444444496185,89.57466,89.58933,79.34625,79.28654,17779.281636248,12730.5023816,19.52633,77.70887526336956
2019-09-12 10:50:00,41.15277777775191,89.63335,89.63335,79.31623,79.27144,17781.592948544,12730.32930303,19.50994,77.71432137658361
2019-09-12 10:55:00,41.236111111182254,89.78705,89.78705,79.31615,79.25642,17777.19934048,12731.027881503,19.51453,77.70491008106566
2019-09-12 11:00:00,41.31944444443798,89.69203,89.70669,79.31615,79.25643,17776.982048966,12727.794438054001,19.52239,77.6961210076114
2019-09-12 11:05:00,41.4027777776937,89.69203,89.70669,79.31616,79.25645,17780.317166605997,12728.640933917999,19.54139,77.7067716396182
2019-09-12 11:10:00,41.486111111124046,89.80937,89.82404,79.38477,79.33999,17778.402056082,12726.829365666,19.51584,77.69727973315368
2019-09-12 11:15:00,41.56944444437977,89.79471,89.80937,79.36971,79.30999,17777.465653532,12731.272264344001,19.54991,77.70621083112746
2019-09-12 11:20:00,41.652777777810115,89.62569,89.61101,79.36958,79.30986,17776.529380032,12728.970018036998,19.50405,77.6979622728429
2019-09-12 11:25:00,41.73611111106584,89.80937,89.82404,79.36943,79.29479,17777.360307009,12728.172035826,19.51126,77.69804618365363
2019-09-12 11:30:00,41.819444444496185,89.78004,89.79471,79.3545,79.30971,17777.267378024,12730.580654428,19.5427,77.70394427967065
2019-09-12 11:35:00,41.90277777775191,89.94138,89.95604,79.33958,79.27986,17778.290980060003,12728.323461778,19.52305,77.700802305965
2019-09-12 11:40:00,41.986111111182254,89.79471,89.80937,79.33955,79.27984,17780.436632991998,12728.767717441999,19.5237,77.70739884181435
2019-09-12 11:45:00,42.06944444443798,89.65503,89.64036,79.40817,79.36339,17777.99422723,12729.036696056,19.5106,77.7018630904292
2019-09-12 11:50:00,42.1527777776937,89.80937,89.80937,79.32454,79.27975,17780.916939137,12727.232063728,19.51191,77.70471085580465
2019-09-12 11:55:00,42.236111111124046,89.72136,89.73604,79.39316,79.34837,17777.395256406,12727.091829894,19.51453,77.69538389965811
2019-09-12 12:00:00,42.31944444437977,89.95604,89.95604,79.4081,79.36331,17775.41539365,12726.538244825999,19.51191,77.68893117023775
2019-09-12 12:05:00,42.402777777810115,89.83871,89.85337,79.39327,79.34848,17769.95398685,12725.657968425,19.52764,77.67277880847281
2019-09-12 12:10:00,42.48611111106584,89.76537,89.79471,79.39336,79.34857,17774.35966515,12728.449747835999,19.4857,77.69111084068747
2019-09-12 12:15:00,42.569444444496185,89.79471,89.80937,79.39349,79.33377,17777.99793264,12726.41432106,19.49815,77.69519329990904
2019-09-12 12:20:00,42.65277777775191,89.76537,89.78004,79.39359,79.33388,17774.386139694,12725.065274055,19.52567,77.68255796651144
2019-09-12 12:25:00,42.736111111182254,89.88271,89.88271,79.47314,79.41344,17778.63683115,12728.64967128,19.52305,77.70251405432357
2019-09-12 12:30:00,42.81944444443798,89.69203,89.70669,79.44333,79.39854,17775.93012804,12726.904764981002,19.53091,77.69117573871692
2019-09-12 12:35:00,42.9027777776937,89.76537,89.79471,79.4433,79.39851,17777.595414977997,12726.585558046001,19.53026,77.6946042245753
2019-09-12 12:40:00,42.986111111124046,89.78004,89.79471,79.44319,79.39841,17772.71912,12724.806955518,19.49487,77.67765410130069
2019-09-12 12:45:00,43.06944444437977,89.83871,89.83871,79.44309,79.38338,17773.278958848,12727.865192864001,19.52239,77.68686939536796
2019-09-12 12:50:00,43.152777777810115,89.83871,89.85337,79.44296,79.38325,17773.124930931997,12727.032692339,19.50208,77.68435669270441
2019-09-12 12:55:00,43.23611111106584,89.83871,89.85337,79.41296,79.36818,17776.284883602,12728.438633087999,19.52567,77.69598609139027
2019-09-12 13:00:00,43.319444444496185,89.82404,89.83871,79.41287,79.38302,17771.164579729997,12725.823347484,19.52305,77.67628342953833
2019-09-12 13:05:00,43.40277777775191,89.70669,89.70669,79.49641,79.43671,17772.161347368,12724.913911121,19.50405,77.67650586359922
2019-09-12 13:10:00,43.486111111182254,89.79471,89.80937,79.49645,79.43675,17773.249582662,12723.236378391,19.50929,77.67500491423425
2019-09-12 13:15:00,43.56944444443798,89.79471,89.80937,79.48166,79.42194,17772.749197914003,12721.429224014,19.51257,77.66912757764199
2019-09-12 13:20:00,43.6527777776937,89.86804,89.86804,79.46684,79.40713,17770.838918,12717.661194576,19.51846,77.65466483897157
2019-09-12 13:25:00,43.736111111124046,89.80937,89.80937,79.45195,79.40717,17769.828717210003,12724.643761020001,19.49225,77.66987654343208
2019-09-12 13:30:00,43.81944444437977,89.75418,89.76885,79.52057,79.46087,17768.053754202,12723.605218128001,19.49225,77.66271050191214
2019-09-12 13:35:00,43.902777777810115,89.84219,89.87152,79.52054,79.46082,17771.728701044,12721.94824803,19.5165,77.66785031879817
2019-09-12 13:40:00,43.98611111106584,89.94838,89.96304,79.49062,79.43091,17769.16740769,12720.279778758999,19.53091,77.65707705026152
2019-09-12 13:45:00,44.069444444496185,89.91904,89.94838,79.47566,79.43088,17766.570253364,12726.330116809,19.52436,77.6658723607466
2019-09-12 13:50:00,44.15277777775191,90.05103,90.06569,79.46071,79.401,17771.54323554,12722.169819656001,19.53484,77.6679422816298
2019-09-12 13:55:00,44.236111111182254,90.05103,90.06569,79.52936,79.48457,17772.497350515,12724.865375475001,19.51846,77.67723804761484
2019-09-12 14:00:00,44.31944444443798,89.90437,89.90437,79.51444,79.45474,17772.242114999997,12725.242966316,19.48243,77.67754968845634
2019-09-12 14:05:00,44.4027777776937,89.90437,89.88971,79.48463,79.43987,17770.1913792,12723.330473541999,19.52436,77.6674552861257
2019-09-12 14:10:00,44.486111111124046,90.06569,90.06569,79.55333,79.49364,17771.830230656,12724.281401045999,19.52043,77.67405149179024
2019-09-12 14:15:00,44.56944444437977,89.97072,90.00005,79.53842,79.47873,17773.881602391,12727.35017136,19.50536,77.68709257000907
2019-09-12 14:20:00,44.652777777810115,89.88272,89.89739,79.50861,79.44891,17776.255384911,12727.458859887001,19.49094,77.69341546081759
2019-09-12 14:25:00,44.73611111106584,89.85339,89.86806,79.57732,79.50269,17773.677355158,12724.707512109999,19.4975,77.67984145670573
2019-09-12 14:30:00,44.819444444496185,90.17953,90.17953,79.53257,79.50272,17774.290106924,12727.510278978001,19.51322,77.68854083364442
2019-09-12 14:35:00,44.90277777775191,89.98891,89.98891,79.53265,79.47295,17775.015675846,12724.141145652,19.52305,77.68180763565124
2019-09-12 14:40:00,44.986111111182254,90.0329,90.04757,79.58663,79.54185,17774.63308992,12727.551824944,19.50667,77.68952023464988
2019-09-12 14:45:00,45.06944444443798,90.17953,90.19418,79.55695,79.51218,17774.062010784,12726.900647435,19.53157,77.68640712873243
2019-09-12 14:50:00,45.1527777776937,89.94492,89.94492,79.54218,79.49741,17774.00588659,12725.425272456,19.48177,77.68250637748058
2019-09-12 14:55:00,45.236111111124046,90.04757,90.04757,79.52728,79.46758,17771.67130986,12724.890464007,19.53812,77.67519801060304
2019-09-12 15:00:00,45.31944444437977,90.0406,90.06992,79.58523,79.52554,17773.205212466,12724.566025999999,19.49619,77.6782785349884
2019-09-12 15:05:00,45.402777777810115,89.98193,89.98193,79.57027,79.52549,17772.204524664,12725.2586628,19.49029,77.67749392448854
2019-09-12 15:10:00,45.48611111106584,90.02593,90.0406,79.55532,79.51054,17771.81237604,12726.07927272,19.50667,77.67858522180438
2019-09-12 15:15:00,45.569444444496185,90.10278,90.11745,79.60905,79.56427,17773.534178495996,12723.369630006,19.52043,77.67606917792337
2019-09-12 15:20:00,45.65277777775191,90.0406,90.05527,79.60895,79.54926,17769.665727384003,12723.893951658001,19.51388,77.66755163027638
2019-09-12 15:25:00,45.736111111182254,90.11745,90.13213,79.60892,79.54921,17769.931311654,12722.98622524,19.51781,77.6659160846412
2019-09-12 15:30:00,45.81944444443798,90.14678,90.14678,79.57903,79.54919,17768.018124315,12723.209556704,19.50601,77.66161199650585
2019-09-12 15:35:00,45.9027777776937,90.27873,90.29339,79.66269,79.60299,17767.908163309003,12724.985150987999,19.50798,77.66585438932512
2019-09-12 15:40:00,45.986111111124046,90.05527,90.06992,79.67764,79.63288,17773.062073,12726.703617165002,19.5106,77.68335843323369
2019-09-12 15:45:00,46.06944444437977,90.12858,90.14325,79.69258,79.63289,17777.255453715,12725.442867164002,19.51453,77.69082788743285
2019-09-12 15:50:00,46.152777777810115,90.17953,90.17953,79.60896,79.54926,17777.10476655,12726.978397783,19.50536,77.6943551043795
2019-09-12 15:55:00,46.23611111106584,90.16487,90.17953,79.63882,79.57912,17779.385118266,12728.871824939999,19.51584,77.70498578146423
2019-09-12 16:00:00,46.319444444496185,90.2675,90.28215,79.66869,79.60899,17780.74215299,12730.53386082,19.51977,77.71267539935337
2019-09-12 16:05:00,46.40277777775191,90.0587,90.07337,79.69863,79.63895,17779.97157945,12731.354126376998,19.50274,77.71280196566235
2019-09-12 16:10:00,46.486111111182254,90.19765,90.19765,79.64492,79.60014,17781.08470224,12730.650204689999,19.50208,77.71384420697918
2019-09-12 16:15:00,46.56944444443798,90.08035,90.08035,79.68973,79.64495,17784.025932687,12729.289793324,19.50798,77.7178705767728
2019-09-12 16:20:00,46.6527777776937,90.04402,90.04402,79.64668,79.58699,17781.484562507,12730.94483785,19.52567,77.71561309210331
2019-09-12 16:25:00,46.736111111124046,89.97771,89.99237,79.70637,79.64667,17784.168458154,12731.956840407,19.5165,77.72502659999155
2019-09-12 16:30:00,46.81944444437977,89.9889,89.97424,79.7512,79.67658,17784.126745655998,12734.168737664,19.5355,77.73055409296354
2019-09-12 16:35:00,46.902777777810115,90.23468,90.23468,79.71246,79.65277,17790.161761632,12735.639317015999,19.53812,77.74967095628779
2019-09-12 16:40:00,46.98611111106584,90.14672,90.14672,79.68871,79.62903,17789.649404463,12738.565037142,19.50732,77.7558178277596
2019-09-12 16:45:00,47.069444444496185,90.14327,90.14327,79.7634,79.70372,17787.627995104,12737.398370003999,19.47915,77.74769774933851
2019-09-12 16:50:00,47.15277777775191,90.37438,90.35973,79.73949,79.69473,17790.172190489997,12738.454423375,19.5296,77.75686763665763
2019-09-12 16:55:00,47.236111111182254,90.10361,90.10361,79.73049,79.6708,17794.623270484997,12738.66917722,19.50732,77.76875158508743
2019-09-12 17:00:00,47.31944444443798,90.12952,90.12952,79.79012,79.73044,17793.918108978,12740.056427619002,19.5355,77.7704888756758
2019-09-12 17:05:00,47.4027777776937,90.1261,90.11143,79.79594,79.73625,17794.140597636,12739.656390264,19.51453,77.77003665649455
2019-09-12 17:10:00,47.486111111124046,90.34261,90.34261,79.77197,79.7272,17792.1036352,12738.353939892,19.52501,77.7615311222306
2019-09-12 17:15:00,47.56944444437977,90.14862,90.14862,79.78198,79.72229,17794.17143526,12741.337221965,19.52043,77.77439630381262
2019-09-12 17:20:00,47.652777777810115,90.14186,90.14186,79.7878,79.7281,17794.764443456,12740.041199127,19.51519,77.7726057150267
2019-09-12 17:25:00,47.73611111106584,90.19713,90.19713,79.80859,79.7489,17792.540874986,12741.729037022,19.53288,77.77124120125619
2019-09-12 17:30:00,47.819444444496185,90.20924,90.19458,79.81444,79.75475,17793.186332675003,12742.255458194999,19.52829,77.77422599420844
2019-09-12 17:35:00,47.90277777775191,90.33784,90.33784,79.83526,79.77557,17793.267338764,12740.677462818001,19.5427,77.77041314014878
2019-09-12 17:40:00,47.986111111182254,90.18459,90.19925,79.84111,79.78143,17794.641658155997,12738.887261856,19.51126,77.7693538835828
2019-09-12 17:45:00,48.06944444443798,90.02412,90.03879,79.85114,79.79146,17793.111998988,12740.837165446,19.50994,77.77042425239794
2019-09-12 17:50:00,48.1527777776937,90.35803,90.35803,79.8571,79.81233,17788.61529344,12739.986114239999,19.50732,77.75680343612824
2019-09-12 17:55:00,48.236111111124046,90.16502,90.17968,79.81362,79.73901,17791.282317144,12738.432127062999,19.50339,77.75963835677499
2019-09-12 18:00:00,48.31944444437977,90.15036,90.15036,79.88822,79.84346,17795.20644113,12739.990226628,19.52174,77.77360166198363
2019-09-12 18:05:00,48.402777777810115,90.23919,90.23919,79.89432,79.83464,17795.09530737,12739.409844734,19.51584,77.77184036129175
2019-09-12 18:10:00,48.48611111106584,90.16263,90.14798,79.90044,79.84076,17797.796774295002,12741.791550176,19.51781,77.78478727717875
